tree_id,variant,diameter_cm,height_m,status,baseline_status,baseline_diameter_cm,baseline_height_m,field_error_cm,interpretation
TREE_0001,axis_only,,,MANUAL_REVIEW,MANUAL_REVIEW,,,,geometry/coverage comparison only; no field accuracy inference
TREE_0001,baseline,,,MANUAL_REVIEW,MANUAL_REVIEW,,,,geometry/coverage comparison only; no field accuracy inference
TREE_0001,combined,,,MANUAL_REVIEW,MANUAL_REVIEW,,,,geometry/coverage comparison only; no field accuracy inference
TREE_0001,combined_without_stability,,,MANUAL_REVIEW,MANUAL_REVIEW,,,,geometry/coverage comparison only; no field accuracy inference
TREE_0001,ground_only,,,MANUAL_REVIEW,MANUAL_REVIEW,,,,geometry/coverage comparison only; no field accuracy inference
TREE_0001,point_weighted_control,,,MANUAL_REVIEW,MANUAL_REVIEW,,,,geometry/coverage comparison only; no field accuracy inference
TREE_0001,sector_balanced,,,MANUAL_REVIEW,MANUAL_REVIEW,,,,geometry/coverage comparison only; no field accuracy inference
TREE_0002,axis_only,,,MANUAL_REVIEW,MANUAL_REVIEW,,,,geometry/coverage comparison only; no field accuracy inference
TREE_0002,baseline,,,MANUAL_REVIEW,MANUAL_REVIEW,,,,geometry/coverage comparison only; no field accuracy inference
TREE_0002,combined,,,MANUAL_REVIEW,MANUAL_REVIEW,,,,geometry/coverage comparison only; no field accuracy inference
TREE_0002,combined_without_stability,,,MANUAL_REVIEW,MANUAL_REVIEW,,,,geometry/coverage comparison only; no field accuracy inference
TREE_0002,ground_only,,,MANUAL_REVIEW,MANUAL_REVIEW,,,,geometry/coverage comparison only; no field accuracy inference
TREE_0002,point_weighted_control,,,MANUAL_REVIEW,MANUAL_REVIEW,,,,geometry/coverage comparison only; no field accuracy inference
TREE_0002,sector_balanced,,,MANUAL_REVIEW,MANUAL_REVIEW,,,,geometry/coverage comparison only; no field accuracy inference
TREE_0003,axis_only,,,MANUAL_REVIEW,MANUAL_REVIEW,,,,geometry/coverage comparison only; no field accuracy inference
TREE_0003,baseline,,,MANUAL_REVIEW,MANUAL_REVIEW,,,,geometry/coverage comparison only; no field accuracy inference
TREE_0003,combined,,,MANUAL_REVIEW,MANUAL_REVIEW,,,,geometry/coverage comparison only; no field accuracy inference
TREE_0003,combined_without_stability,,,MANUAL_REVIEW,MANUAL_REVIEW,,,,geometry/coverage comparison only; no field accuracy inference
TREE_0003,ground_only,,,MANUAL_REVIEW,MANUAL_REVIEW,,,,geometry/coverage comparison only; no field accuracy inference
TREE_0003,point_weighted_control,,,MANUAL_REVIEW,MANUAL_REVIEW,,,,geometry/coverage comparison only; no field accuracy inference
TREE_0003,sector_balanced,,,MANUAL_REVIEW,MANUAL_REVIEW,,,,geometry/coverage comparison only; no field accuracy inference
TREE_0004,axis_only,,,MANUAL_REVIEW,ALTERNATIVE_POM,6.58,1.7,,geometry/coverage comparison only; no field accuracy inference
TREE_0004,baseline,6.58,1.7,ALTERNATIVE_POM,ALTERNATIVE_POM,6.58,1.7,,geometry/coverage comparison only; no field accuracy inference
TREE_0004,combined,,,MANUAL_REVIEW,ALTERNATIVE_POM,6.58,1.7,,geometry/coverage comparison only; no field accuracy inference
TREE_0004,combined_without_stability,,,MANUAL_REVIEW,ALTERNATIVE_POM,6.58,1.7,,geometry/coverage comparison only; no field accuracy inference
TREE_0004,ground_only,6.8215198,1.7,ALTERNATIVE_POM,ALTERNATIVE_POM,6.58,1.7,,geometry/coverage comparison only; no field accuracy inference
TREE_0004,point_weighted_control,,,MANUAL_REVIEW,ALTERNATIVE_POM,6.58,1.7,,geometry/coverage comparison only; no field accuracy inference
TREE_0004,sector_balanced,,,MANUAL_REVIEW,ALTERNATIVE_POM,6.58,1.7,,geometry/coverage comparison only; no field accuracy inference
TREE_0005,axis_only,,,MANUAL_REVIEW,MANUAL_REVIEW,,,,geometry/coverage comparison only; no field accuracy inference
TREE_0005,baseline,,,MANUAL_REVIEW,MANUAL_REVIEW,,,,geometry/coverage comparison only; no field accuracy inference
TREE_0005,combined,,,MANUAL_REVIEW,MANUAL_REVIEW,,,,geometry/coverage comparison only; no field accuracy inference
TREE_0005,combined_without_stability,,,MANUAL_REVIEW,MANUAL_REVIEW,,,,geometry/coverage comparison only; no field accuracy inference
TREE_0005,ground_only,,,MANUAL_REVIEW,MANUAL_REVIEW,,,,geometry/coverage comparison only; no field accuracy inference
TREE_0005,point_weighted_control,,,MANUAL_REVIEW,MANUAL_REVIEW,,,,geometry/coverage comparison only; no field accuracy inference
TREE_0005,sector_balanced,,,MANUAL_REVIEW,MANUAL_REVIEW,,,,geometry/coverage comparison only; no field accuracy inference
TREE_0006,axis_only,,,MANUAL_REVIEW,MANUAL_REVIEW,,,,geometry/coverage comparison only; no field accuracy inference
TREE_0006,baseline,,,MANUAL_REVIEW,MANUAL_REVIEW,,,,geometry/coverage comparison only; no field accuracy inference
TREE_0006,combined,,,MANUAL_REVIEW,MANUAL_REVIEW,,,,geometry/coverage comparison only; no field accuracy inference
TREE_0006,combined_without_stability,,,MANUAL_REVIEW,MANUAL_REVIEW,,,,geometry/coverage comparison only; no field accuracy inference
TREE_0006,ground_only,,,MANUAL_REVIEW,MANUAL_REVIEW,,,,geometry/coverage comparison only; no field accuracy inference
TREE_0006,point_weighted_control,,,MANUAL_REVIEW,MANUAL_REVIEW,,,,geometry/coverage comparison only; no field accuracy inference
TREE_0006,sector_balanced,,,MANUAL_REVIEW,MANUAL_REVIEW,,,,geometry/coverage comparison only; no field accuracy inference
TREE_0007,axis_only,,,MANUAL_REVIEW,MANUAL_REVIEW,,,,geometry/coverage comparison only; no field accuracy inference
TREE_0007,baseline,,,MANUAL_REVIEW,MANUAL_REVIEW,,,,geometry/coverage comparison only; no field accuracy inference
TREE_0007,combined,,,MANUAL_REVIEW,MANUAL_REVIEW,,,,geometry/coverage comparison only; no field accuracy inference
TREE_0007,combined_without_stability,,,MANUAL_REVIEW,MANUAL_REVIEW,,,,geometry/coverage comparison only; no field accuracy inference
TREE_0007,ground_only,,,MANUAL_REVIEW,MANUAL_REVIEW,,,,geometry/coverage comparison only; no field accuracy inference
TREE_0007,point_weighted_control,,,MANUAL_REVIEW,MANUAL_REVIEW,,,,geometry/coverage comparison only; no field accuracy inference
TREE_0007,sector_balanced,,,MANUAL_REVIEW,MANUAL_REVIEW,,,,geometry/coverage comparison only; no field accuracy inference
TREE_0008,axis_only,,,MANUAL_REVIEW,ALTERNATIVE_POM,6.39,1.6,,geometry/coverage comparison only; no field accuracy inference
TREE_0008,baseline,6.39,1.6,ALTERNATIVE_POM,ALTERNATIVE_POM,6.39,1.6,,geometry/coverage comparison only; no field accuracy inference
TREE_0008,combined,,,MANUAL_REVIEW,ALTERNATIVE_POM,6.39,1.6,,geometry/coverage comparison only; no field accuracy inference
TREE_0008,combined_without_stability,,,MANUAL_REVIEW,ALTERNATIVE_POM,6.39,1.6,,geometry/coverage comparison only; no field accuracy inference
TREE_0008,ground_only,,,MANUAL_REVIEW,ALTERNATIVE_POM,6.39,1.6,,geometry/coverage comparison only; no field accuracy inference
TREE_0008,point_weighted_control,,,MANUAL_REVIEW,ALTERNATIVE_POM,6.39,1.6,,geometry/coverage comparison only; no field accuracy inference
TREE_0008,sector_balanced,,,MANUAL_REVIEW,ALTERNATIVE_POM,6.39,1.6,,geometry/coverage comparison only; no field accuracy inference
TREE_0009,axis_only,,,MANUAL_REVIEW,ALTERNATIVE_POM,4.14,1.6,,geometry/coverage comparison only; no field accuracy inference
TREE_0009,baseline,4.14,1.6,ALTERNATIVE_POM,ALTERNATIVE_POM,4.14,1.6,,geometry/coverage comparison only; no field accuracy inference
TREE_0009,combined,,,MANUAL_REVIEW,ALTERNATIVE_POM,4.14,1.6,,geometry/coverage comparison only; no field accuracy inference
TREE_0009,combined_without_stability,,,MANUAL_REVIEW,ALTERNATIVE_POM,4.14,1.6,,geometry/coverage comparison only; no field accuracy inference
TREE_0009,ground_only,,,MANUAL_REVIEW,ALTERNATIVE_POM,4.14,1.6,,geometry/coverage comparison only; no field accuracy inference
TREE_0009,point_weighted_control,,,MANUAL_REVIEW,ALTERNATIVE_POM,4.14,1.6,,geometry/coverage comparison only; no field accuracy inference
TREE_0009,sector_balanced,,,MANUAL_REVIEW,ALTERNATIVE_POM,4.14,1.6,,geometry/coverage comparison only; no field accuracy inference
TREE_0010,axis_only,11.6220089,2.6,ALTERNATIVE_POM,ALTERNATIVE_POM,10.29,1.9,,geometry/coverage comparison only; no field accuracy inference
TREE_0010,baseline,10.29,1.9,ALTERNATIVE_POM,ALTERNATIVE_POM,10.29,1.9,,geometry/coverage comparison only; no field accuracy inference
TREE_0010,combined,,,MANUAL_REVIEW,ALTERNATIVE_POM,10.29,1.9,,geometry/coverage comparison only; no field accuracy inference
TREE_0010,combined_without_stability,11.5379701,2.6,ALTERNATIVE_POM,ALTERNATIVE_POM,10.29,1.9,,geometry/coverage comparison only; no field accuracy inference
TREE_0010,ground_only,11.5289492,2.6,ALTERNATIVE_POM,ALTERNATIVE_POM,10.29,1.9,,geometry/coverage comparison only; no field accuracy inference
TREE_0010,point_weighted_control,11.6219712,2.6,ALTERNATIVE_POM,ALTERNATIVE_POM,10.29,1.9,,geometry/coverage comparison only; no field accuracy inference
TREE_0010,sector_balanced,11.6219712,2.6,ALTERNATIVE_POM,ALTERNATIVE_POM,10.29,1.9,,geometry/coverage comparison only; no field accuracy inference
TREE_0011,axis_only,,,MANUAL_REVIEW,ALTERNATIVE_POM,8.95,1.9,,geometry/coverage comparison only; no field accuracy inference
TREE_0011,baseline,8.95,1.9,ALTERNATIVE_POM,ALTERNATIVE_POM,8.95,1.9,,geometry/coverage comparison only; no field accuracy inference
TREE_0011,combined,,,MANUAL_REVIEW,ALTERNATIVE_POM,8.95,1.9,,geometry/coverage comparison only; no field accuracy inference
TREE_0011,combined_without_stability,,,MANUAL_REVIEW,ALTERNATIVE_POM,8.95,1.9,,geometry/coverage comparison only; no field accuracy inference
TREE_0011,ground_only,,,MANUAL_REVIEW,ALTERNATIVE_POM,8.95,1.9,,geometry/coverage comparison only; no field accuracy inference
TREE_0011,point_weighted_control,,,MANUAL_REVIEW,ALTERNATIVE_POM,8.95,1.9,,geometry/coverage comparison only; no field accuracy inference
TREE_0011,sector_balanced,,,MANUAL_REVIEW,ALTERNATIVE_POM,8.95,1.9,,geometry/coverage comparison only; no field accuracy inference
TREE_0012,axis_only,,,MANUAL_REVIEW,MANUAL_REVIEW,,,,geometry/coverage comparison only; no field accuracy inference
TREE_0012,baseline,,,MANUAL_REVIEW,MANUAL_REVIEW,,,,geometry/coverage comparison only; no field accuracy inference
TREE_0012,combined,,,MANUAL_REVIEW,MANUAL_REVIEW,,,,geometry/coverage comparison only; no field accuracy inference
TREE_0012,combined_without_stability,,,MANUAL_REVIEW,MANUAL_REVIEW,,,,geometry/coverage comparison only; no field accuracy inference
TREE_0012,ground_only,,,MANUAL_REVIEW,MANUAL_REVIEW,,,,geometry/coverage comparison only; no field accuracy inference
TREE_0012,point_weighted_control,,,MANUAL_REVIEW,MANUAL_REVIEW,,,,geometry/coverage comparison only; no field accuracy inference
TREE_0012,sector_balanced,,,MANUAL_REVIEW,MANUAL_REVIEW,,,,geometry/coverage comparison only; no field accuracy inference
TREE_0013,axis_only,,,MANUAL_REVIEW,MANUAL_REVIEW,,,,geometry/coverage comparison only; no field accuracy inference
TREE_0013,baseline,,,MANUAL_REVIEW,MANUAL_REVIEW,,,,geometry/coverage comparison only; no field accuracy inference
TREE_0013,combined,,,MANUAL_REVIEW,MANUAL_REVIEW,,,,geometry/coverage comparison only; no field accuracy inference
TREE_0013,combined_without_stability,,,MANUAL_REVIEW,MANUAL_REVIEW,,,,geometry/coverage comparison only; no field accuracy inference
TREE_0013,ground_only,,,MANUAL_REVIEW,MANUAL_REVIEW,,,,geometry/coverage comparison only; no field accuracy inference
TREE_0013,point_weighted_control,,,MANUAL_REVIEW,MANUAL_REVIEW,,,,geometry/coverage comparison only; no field accuracy inference
TREE_0013,sector_balanced,,,MANUAL_REVIEW,MANUAL_REVIEW,,,,geometry/coverage comparison only; no field accuracy inference
TREE_0014,axis_only,,,MANUAL_REVIEW,MANUAL_REVIEW,,,,geometry/coverage comparison only; no field accuracy inference
TREE_0014,baseline,,,MANUAL_REVIEW,MANUAL_REVIEW,,,,geometry/coverage comparison only; no field accuracy inference
TREE_0014,combined,,,MANUAL_REVIEW,MANUAL_REVIEW,,,,geometry/coverage comparison only; no field accuracy inference
TREE_0014,combined_without_stability,,,MANUAL_REVIEW,MANUAL_REVIEW,,,,geometry/coverage comparison only; no field accuracy inference
TREE_0014,ground_only,,,MANUAL_REVIEW,MANUAL_REVIEW,,,,geometry/coverage comparison only; no field accuracy inference
TREE_0014,point_weighted_control,,,MANUAL_REVIEW,MANUAL_REVIEW,,,,geometry/coverage comparison only; no field accuracy inference
TREE_0014,sector_balanced,,,MANUAL_REVIEW,MANUAL_REVIEW,,,,geometry/coverage comparison only; no field accuracy inference
TREE_0015,axis_only,,,MANUAL_REVIEW,MANUAL_REVIEW,,,,geometry/coverage comparison only; no field accuracy inference
TREE_0015,baseline,,,MANUAL_REVIEW,MANUAL_REVIEW,,,,geometry/coverage comparison only; no field accuracy inference
TREE_0015,combined,,,MANUAL_REVIEW,MANUAL_REVIEW,,,,geometry/coverage comparison only; no field accuracy inference
TREE_0015,combined_without_stability,,,MANUAL_REVIEW,MANUAL_REVIEW,,,,geometry/coverage comparison only; no field accuracy inference
TREE_0015,ground_only,,,MANUAL_REVIEW,MANUAL_REVIEW,,,,geometry/coverage comparison only; no field accuracy inference
TREE_0015,point_weighted_control,,,MANUAL_REVIEW,MANUAL_REVIEW,,,,geometry/coverage comparison only; no field accuracy inference
TREE_0015,sector_balanced,,,MANUAL_REVIEW,MANUAL_REVIEW,,,,geometry/coverage comparison only; no field accuracy inference
TREE_0016,axis_only,,,MANUAL_REVIEW,MANUAL_REVIEW,,,,geometry/coverage comparison only; no field accuracy inference
TREE_0016,baseline,,,MANUAL_REVIEW,MANUAL_REVIEW,,,,geometry/coverage comparison only; no field accuracy inference
TREE_0016,combined,,,MANUAL_REVIEW,MANUAL_REVIEW,,,,geometry/coverage comparison only; no field accuracy inference
TREE_0016,combined_without_stability,,,MANUAL_REVIEW,MANUAL_REVIEW,,,,geometry/coverage comparison only; no field accuracy inference
TREE_0016,ground_only,,,MANUAL_REVIEW,MANUAL_REVIEW,,,,geometry/coverage comparison only; no field accuracy inference
TREE_0016,point_weighted_control,,,MANUAL_REVIEW,MANUAL_REVIEW,,,,geometry/coverage comparison only; no field accuracy inference
TREE_0016,sector_balanced,,,MANUAL_REVIEW,MANUAL_REVIEW,,,,geometry/coverage comparison only; no field accuracy inference
TREE_0017,axis_only,,,MANUAL_REVIEW,ALTERNATIVE_POM,16.96,2.0,,geometry/coverage comparison only; no field accuracy inference
TREE_0017,baseline,16.96,2.0,ALTERNATIVE_POM,ALTERNATIVE_POM,16.96,2.0,,geometry/coverage comparison only; no field accuracy inference
TREE_0017,combined,,,MANUAL_REVIEW,ALTERNATIVE_POM,16.96,2.0,,geometry/coverage comparison only; no field accuracy inference
TREE_0017,combined_without_stability,,,MANUAL_REVIEW,ALTERNATIVE_POM,16.96,2.0,,geometry/coverage comparison only; no field accuracy inference
TREE_0017,ground_only,,,MANUAL_REVIEW,ALTERNATIVE_POM,16.96,2.0,,geometry/coverage comparison only; no field accuracy inference
TREE_0017,point_weighted_control,,,MANUAL_REVIEW,ALTERNATIVE_POM,16.96,2.0,,geometry/coverage comparison only; no field accuracy inference
TREE_0017,sector_balanced,,,MANUAL_REVIEW,ALTERNATIVE_POM,16.96,2.0,,geometry/coverage comparison only; no field accuracy inference
TREE_0018,axis_only,,,MANUAL_REVIEW,ALTERNATIVE_POM,18.63,3.1,,geometry/coverage comparison only; no field accuracy inference
TREE_0018,baseline,18.63,3.1,ALTERNATIVE_POM,ALTERNATIVE_POM,18.63,3.1,,geometry/coverage comparison only; no field accuracy inference
TREE_0018,combined,,,MANUAL_REVIEW,ALTERNATIVE_POM,18.63,3.1,,geometry/coverage comparison only; no field accuracy inference
TREE_0018,combined_without_stability,,,MANUAL_REVIEW,ALTERNATIVE_POM,18.63,3.1,,geometry/coverage comparison only; no field accuracy inference
TREE_0018,ground_only,,,MANUAL_REVIEW,ALTERNATIVE_POM,18.63,3.1,,geometry/coverage comparison only; no field accuracy inference
TREE_0018,point_weighted_control,,,MANUAL_REVIEW,ALTERNATIVE_POM,18.63,3.1,,geometry/coverage comparison only; no field accuracy inference
TREE_0018,sector_balanced,,,MANUAL_REVIEW,ALTERNATIVE_POM,18.63,3.1,,geometry/coverage comparison only; no field accuracy inference
TREE_0019,axis_only,,,MANUAL_REVIEW,MANUAL_REVIEW,,,,geometry/coverage comparison only; no field accuracy inference
TREE_0019,baseline,,,MANUAL_REVIEW,MANUAL_REVIEW,,,,geometry/coverage comparison only; no field accuracy inference
TREE_0019,combined,,,MANUAL_REVIEW,MANUAL_REVIEW,,,,geometry/coverage comparison only; no field accuracy inference
TREE_0019,combined_without_stability,,,MANUAL_REVIEW,MANUAL_REVIEW,,,,geometry/coverage comparison only; no field accuracy inference
TREE_0019,ground_only,,,MANUAL_REVIEW,MANUAL_REVIEW,,,,geometry/coverage comparison only; no field accuracy inference
TREE_0019,point_weighted_control,,,MANUAL_REVIEW,MANUAL_REVIEW,,,,geometry/coverage comparison only; no field accuracy inference
TREE_0019,sector_balanced,,,MANUAL_REVIEW,MANUAL_REVIEW,,,,geometry/coverage comparison only; no field accuracy inference
TREE_0020,axis_only,,,MANUAL_REVIEW,MANUAL_REVIEW,,,,geometry/coverage comparison only; no field accuracy inference
TREE_0020,baseline,,,MANUAL_REVIEW,MANUAL_REVIEW,,,,geometry/coverage comparison only; no field accuracy inference
TREE_0020,combined,,,MANUAL_REVIEW,MANUAL_REVIEW,,,,geometry/coverage comparison only; no field accuracy inference
TREE_0020,combined_without_stability,,,MANUAL_REVIEW,MANUAL_REVIEW,,,,geometry/coverage comparison only; no field accuracy inference
TREE_0020,ground_only,,,MANUAL_REVIEW,MANUAL_REVIEW,,,,geometry/coverage comparison only; no field accuracy inference
TREE_0020,point_weighted_control,,,MANUAL_REVIEW,MANUAL_REVIEW,,,,geometry/coverage comparison only; no field accuracy inference
TREE_0020,sector_balanced,,,MANUAL_REVIEW,MANUAL_REVIEW,,,,geometry/coverage comparison only; no field accuracy inference
TREE_0021,axis_only,,,MANUAL_REVIEW,MANUAL_REVIEW,,,,geometry/coverage comparison only; no field accuracy inference
TREE_0021,baseline,,,MANUAL_REVIEW,MANUAL_REVIEW,,,,geometry/coverage comparison only; no field accuracy inference
TREE_0021,combined,,,MANUAL_REVIEW,MANUAL_REVIEW,,,,geometry/coverage comparison only; no field accuracy inference
TREE_0021,combined_without_stability,,,MANUAL_REVIEW,MANUAL_REVIEW,,,,geometry/coverage comparison only; no field accuracy inference
TREE_0021,ground_only,,,MANUAL_REVIEW,MANUAL_REVIEW,,,,geometry/coverage comparison only; no field accuracy inference
TREE_0021,point_weighted_control,,,MANUAL_REVIEW,MANUAL_REVIEW,,,,geometry/coverage comparison only; no field accuracy inference
TREE_0021,sector_balanced,,,MANUAL_REVIEW,MANUAL_REVIEW,,,,geometry/coverage comparison only; no field accuracy inference
TREE_0022,axis_only,,,MANUAL_REVIEW,ALTERNATIVE_POM,7.06,1.8,,geometry/coverage comparison only; no field accuracy inference
TREE_0022,baseline,7.06,1.8,ALTERNATIVE_POM,ALTERNATIVE_POM,7.06,1.8,,geometry/coverage comparison only; no field accuracy inference
TREE_0022,combined,,,MANUAL_REVIEW,ALTERNATIVE_POM,7.06,1.8,,geometry/coverage comparison only; no field accuracy inference
TREE_0022,combined_without_stability,,,MANUAL_REVIEW,ALTERNATIVE_POM,7.06,1.8,,geometry/coverage comparison only; no field accuracy inference
TREE_0022,ground_only,7.7292852,1.8,ALTERNATIVE_POM,ALTERNATIVE_POM,7.06,1.8,,geometry/coverage comparison only; no field accuracy inference
TREE_0022,point_weighted_control,,,MANUAL_REVIEW,ALTERNATIVE_POM,7.06,1.8,,geometry/coverage comparison only; no field accuracy inference
TREE_0022,sector_balanced,,,MANUAL_REVIEW,ALTERNATIVE_POM,7.06,1.8,,geometry/coverage comparison only; no field accuracy inference
TREE_0023,axis_only,,,MANUAL_REVIEW,STANDARD_DBH,6.64,1.3,,geometry/coverage comparison only; no field accuracy inference
TREE_0023,baseline,6.64,1.3,STANDARD_DBH,STANDARD_DBH,6.64,1.3,,geometry/coverage comparison only; no field accuracy inference
TREE_0023,combined,,,MANUAL_REVIEW,STANDARD_DBH,6.64,1.3,,geometry/coverage comparison only; no field accuracy inference
TREE_0023,combined_without_stability,,,MANUAL_REVIEW,STANDARD_DBH,6.64,1.3,,geometry/coverage comparison only; no field accuracy inference
TREE_0023,ground_only,7.8536338,1.8,ALTERNATIVE_POM,STANDARD_DBH,6.64,1.3,,geometry/coverage comparison only; no field accuracy inference
TREE_0023,point_weighted_control,,,MANUAL_REVIEW,STANDARD_DBH,6.64,1.3,,geometry/coverage comparison only; no field accuracy inference
TREE_0023,sector_balanced,,,MANUAL_REVIEW,STANDARD_DBH,6.64,1.3,,geometry/coverage comparison only; no field accuracy inference
TREE_0024,axis_only,,,MANUAL_REVIEW,MANUAL_REVIEW,,,,geometry/coverage comparison only; no field accuracy inference
TREE_0024,baseline,,,MANUAL_REVIEW,MANUAL_REVIEW,,,,geometry/coverage comparison only; no field accuracy inference
TREE_0024,combined,,,MANUAL_REVIEW,MANUAL_REVIEW,,,,geometry/coverage comparison only; no field accuracy inference
TREE_0024,combined_without_stability,,,MANUAL_REVIEW,MANUAL_REVIEW,,,,geometry/coverage comparison only; no field accuracy inference
TREE_0024,ground_only,,,MANUAL_REVIEW,MANUAL_REVIEW,,,,geometry/coverage comparison only; no field accuracy inference
TREE_0024,point_weighted_control,,,MANUAL_REVIEW,MANUAL_REVIEW,,,,geometry/coverage comparison only; no field accuracy inference
TREE_0024,sector_balanced,,,MANUAL_REVIEW,MANUAL_REVIEW,,,,geometry/coverage comparison only; no field accuracy inference
TREE_0025,axis_only,,,MANUAL_REVIEW,MANUAL_REVIEW,,,,geometry/coverage comparison only; no field accuracy inference
TREE_0025,baseline,,,MANUAL_REVIEW,MANUAL_REVIEW,,,,geometry/coverage comparison only; no field accuracy inference
TREE_0025,combined,,,MANUAL_REVIEW,MANUAL_REVIEW,,,,geometry/coverage comparison only; no field accuracy inference
TREE_0025,combined_without_stability,,,MANUAL_REVIEW,MANUAL_REVIEW,,,,geometry/coverage comparison only; no field accuracy inference
TREE_0025,ground_only,,,MANUAL_REVIEW,MANUAL_REVIEW,,,,geometry/coverage comparison only; no field accuracy inference
TREE_0025,point_weighted_control,,,MANUAL_REVIEW,MANUAL_REVIEW,,,,geometry/coverage comparison only; no field accuracy inference
TREE_0025,sector_balanced,,,MANUAL_REVIEW,MANUAL_REVIEW,,,,geometry/coverage comparison only; no field accuracy inference
TREE_0026,axis_only,,,MANUAL_REVIEW,ALTERNATIVE_POM,13.3,1.9,,geometry/coverage comparison only; no field accuracy inference
TREE_0026,baseline,13.3,1.9,ALTERNATIVE_POM,ALTERNATIVE_POM,13.3,1.9,,geometry/coverage comparison only; no field accuracy inference
TREE_0026,combined,,,MANUAL_REVIEW,ALTERNATIVE_POM,13.3,1.9,,geometry/coverage comparison only; no field accuracy inference
TREE_0026,combined_without_stability,,,MANUAL_REVIEW,ALTERNATIVE_POM,13.3,1.9,,geometry/coverage comparison only; no field accuracy inference
TREE_0026,ground_only,,,MANUAL_REVIEW,ALTERNATIVE_POM,13.3,1.9,,geometry/coverage comparison only; no field accuracy inference
TREE_0026,point_weighted_control,,,MANUAL_REVIEW,ALTERNATIVE_POM,13.3,1.9,,geometry/coverage comparison only; no field accuracy inference
TREE_0026,sector_balanced,,,MANUAL_REVIEW,ALTERNATIVE_POM,13.3,1.9,,geometry/coverage comparison only; no field accuracy inference
TREE_0027,axis_only,,,MANUAL_REVIEW,MANUAL_REVIEW,,,,geometry/coverage comparison only; no field accuracy inference
TREE_0027,baseline,,,MANUAL_REVIEW,MANUAL_REVIEW,,,,geometry/coverage comparison only; no field accuracy inference
TREE_0027,combined,,,MANUAL_REVIEW,MANUAL_REVIEW,,,,geometry/coverage comparison only; no field accuracy inference
TREE_0027,combined_without_stability,,,MANUAL_REVIEW,MANUAL_REVIEW,,,,geometry/coverage comparison only; no field accuracy inference
TREE_0027,ground_only,,,MANUAL_REVIEW,MANUAL_REVIEW,,,,geometry/coverage comparison only; no field accuracy inference
TREE_0027,point_weighted_control,,,MANUAL_REVIEW,MANUAL_REVIEW,,,,geometry/coverage comparison only; no field accuracy inference
TREE_0027,sector_balanced,,,MANUAL_REVIEW,MANUAL_REVIEW,,,,geometry/coverage comparison only; no field accuracy inference
TREE_0028,axis_only,,,MANUAL_REVIEW,ALTERNATIVE_POM,9.55,2.3,,geometry/coverage comparison only; no field accuracy inference
TREE_0028,baseline,9.55,2.3,ALTERNATIVE_POM,ALTERNATIVE_POM,9.55,2.3,,geometry/coverage comparison only; no field accuracy inference
TREE_0028,combined,,,MANUAL_REVIEW,ALTERNATIVE_POM,9.55,2.3,,geometry/coverage comparison only; no field accuracy inference
TREE_0028,combined_without_stability,,,MANUAL_REVIEW,ALTERNATIVE_POM,9.55,2.3,,geometry/coverage comparison only; no field accuracy inference
TREE_0028,ground_only,,,MANUAL_REVIEW,ALTERNATIVE_POM,9.55,2.3,,geometry/coverage comparison only; no field accuracy inference
TREE_0028,point_weighted_control,,,MANUAL_REVIEW,ALTERNATIVE_POM,9.55,2.3,,geometry/coverage comparison only; no field accuracy inference
TREE_0028,sector_balanced,,,MANUAL_REVIEW,ALTERNATIVE_POM,9.55,2.3,,geometry/coverage comparison only; no field accuracy inference
TREE_0029,axis_only,,,MANUAL_REVIEW,MANUAL_REVIEW,,,,geometry/coverage comparison only; no field accuracy inference
TREE_0029,baseline,,,MANUAL_REVIEW,MANUAL_REVIEW,,,,geometry/coverage comparison only; no field accuracy inference
TREE_0029,combined,,,MANUAL_REVIEW,MANUAL_REVIEW,,,,geometry/coverage comparison only; no field accuracy inference
TREE_0029,combined_without_stability,,,MANUAL_REVIEW,MANUAL_REVIEW,,,,geometry/coverage comparison only; no field accuracy inference
TREE_0029,ground_only,,,MANUAL_REVIEW,MANUAL_REVIEW,,,,geometry/coverage comparison only; no field accuracy inference
TREE_0029,point_weighted_control,,,MANUAL_REVIEW,MANUAL_REVIEW,,,,geometry/coverage comparison only; no field accuracy inference
TREE_0029,sector_balanced,,,MANUAL_REVIEW,MANUAL_REVIEW,,,,geometry/coverage comparison only; no field accuracy inference
TREE_0030,axis_only,,,MANUAL_REVIEW,ALTERNATIVE_POM,16.87,1.9,,geometry/coverage comparison only; no field accuracy inference
TREE_0030,baseline,16.87,1.9,ALTERNATIVE_POM,ALTERNATIVE_POM,16.87,1.9,,geometry/coverage comparison only; no field accuracy inference
TREE_0030,combined,,,MANUAL_REVIEW,ALTERNATIVE_POM,16.87,1.9,,geometry/coverage comparison only; no field accuracy inference
TREE_0030,combined_without_stability,,,MANUAL_REVIEW,ALTERNATIVE_POM,16.87,1.9,,geometry/coverage comparison only; no field accuracy inference
TREE_0030,ground_only,,,MANUAL_REVIEW,ALTERNATIVE_POM,16.87,1.9,,geometry/coverage comparison only; no field accuracy inference
TREE_0030,point_weighted_control,16.9352855,1.9,ALTERNATIVE_POM,ALTERNATIVE_POM,16.87,1.9,,geometry/coverage comparison only; no field accuracy inference
TREE_0030,sector_balanced,16.9247116,1.9,ALTERNATIVE_POM,ALTERNATIVE_POM,16.87,1.9,,geometry/coverage comparison only; no field accuracy inference
TREE_0031,axis_only,,,MANUAL_REVIEW,ALTERNATIVE_POM,8.19,2.2,,geometry/coverage comparison only; no field accuracy inference
TREE_0031,baseline,8.19,2.2,ALTERNATIVE_POM,ALTERNATIVE_POM,8.19,2.2,,geometry/coverage comparison only; no field accuracy inference
TREE_0031,combined,,,MANUAL_REVIEW,ALTERNATIVE_POM,8.19,2.2,,geometry/coverage comparison only; no field accuracy inference
TREE_0031,combined_without_stability,,,MANUAL_REVIEW,ALTERNATIVE_POM,8.19,2.2,,geometry/coverage comparison only; no field accuracy inference
TREE_0031,ground_only,,,MANUAL_REVIEW,ALTERNATIVE_POM,8.19,2.2,,geometry/coverage comparison only; no field accuracy inference
TREE_0031,point_weighted_control,,,MANUAL_REVIEW,ALTERNATIVE_POM,8.19,2.2,,geometry/coverage comparison only; no field accuracy inference
TREE_0031,sector_balanced,,,MANUAL_REVIEW,ALTERNATIVE_POM,8.19,2.2,,geometry/coverage comparison only; no field accuracy inference
TREE_0032,axis_only,,,MANUAL_REVIEW,ALTERNATIVE_POM,4.5,2.3,,geometry/coverage comparison only; no field accuracy inference
TREE_0032,baseline,4.5,2.3,ALTERNATIVE_POM,ALTERNATIVE_POM,4.5,2.3,,geometry/coverage comparison only; no field accuracy inference
TREE_0032,combined,,,MANUAL_REVIEW,ALTERNATIVE_POM,4.5,2.3,,geometry/coverage comparison only; no field accuracy inference
TREE_0032,combined_without_stability,,,MANUAL_REVIEW,ALTERNATIVE_POM,4.5,2.3,,geometry/coverage comparison only; no field accuracy inference
TREE_0032,ground_only,,,MANUAL_REVIEW,ALTERNATIVE_POM,4.5,2.3,,geometry/coverage comparison only; no field accuracy inference
TREE_0032,point_weighted_control,,,MANUAL_REVIEW,ALTERNATIVE_POM,4.5,2.3,,geometry/coverage comparison only; no field accuracy inference
TREE_0032,sector_balanced,,,MANUAL_REVIEW,ALTERNATIVE_POM,4.5,2.3,,geometry/coverage comparison only; no field accuracy inference
TREE_0033,axis_only,,,MANUAL_REVIEW,ALTERNATIVE_POM,15.33,2.5,,geometry/coverage comparison only; no field accuracy inference
TREE_0033,baseline,15.33,2.5,ALTERNATIVE_POM,ALTERNATIVE_POM,15.33,2.5,,geometry/coverage comparison only; no field accuracy inference
TREE_0033,combined,,,MANUAL_REVIEW,ALTERNATIVE_POM,15.33,2.5,,geometry/coverage comparison only; no field accuracy inference
TREE_0033,combined_without_stability,,,MANUAL_REVIEW,ALTERNATIVE_POM,15.33,2.5,,geometry/coverage comparison only; no field accuracy inference
TREE_0033,ground_only,,,MANUAL_REVIEW,ALTERNATIVE_POM,15.33,2.5,,geometry/coverage comparison only; no field accuracy inference
TREE_0033,point_weighted_control,,,MANUAL_REVIEW,ALTERNATIVE_POM,15.33,2.5,,geometry/coverage comparison only; no field accuracy inference
TREE_0033,sector_balanced,,,MANUAL_REVIEW,ALTERNATIVE_POM,15.33,2.5,,geometry/coverage comparison only; no field accuracy inference
TREE_0034,axis_only,,,MANUAL_REVIEW,MANUAL_REVIEW,,,,geometry/coverage comparison only; no field accuracy inference
TREE_0034,baseline,,,MANUAL_REVIEW,MANUAL_REVIEW,,,,geometry/coverage comparison only; no field accuracy inference
TREE_0034,combined,,,MANUAL_REVIEW,MANUAL_REVIEW,,,,geometry/coverage comparison only; no field accuracy inference
TREE_0034,combined_without_stability,,,MANUAL_REVIEW,MANUAL_REVIEW,,,,geometry/coverage comparison only; no field accuracy inference
TREE_0034,ground_only,,,MANUAL_REVIEW,MANUAL_REVIEW,,,,geometry/coverage comparison only; no field accuracy inference
TREE_0034,point_weighted_control,,,MANUAL_REVIEW,MANUAL_REVIEW,,,,geometry/coverage comparison only; no field accuracy inference
TREE_0034,sector_balanced,,,MANUAL_REVIEW,MANUAL_REVIEW,,,,geometry/coverage comparison only; no field accuracy inference
TREE_0035,axis_only,,,MANUAL_REVIEW,ALTERNATIVE_POM,16.99,1.7,,geometry/coverage comparison only; no field accuracy inference
TREE_0035,baseline,16.99,1.7,ALTERNATIVE_POM,ALTERNATIVE_POM,16.99,1.7,,geometry/coverage comparison only; no field accuracy inference
TREE_0035,combined,,,MANUAL_REVIEW,ALTERNATIVE_POM,16.99,1.7,,geometry/coverage comparison only; no field accuracy inference
TREE_0035,combined_without_stability,,,MANUAL_REVIEW,ALTERNATIVE_POM,16.99,1.7,,geometry/coverage comparison only; no field accuracy inference
TREE_0035,ground_only,,,MANUAL_REVIEW,ALTERNATIVE_POM,16.99,1.7,,geometry/coverage comparison only; no field accuracy inference
TREE_0035,point_weighted_control,,,MANUAL_REVIEW,ALTERNATIVE_POM,16.99,1.7,,geometry/coverage comparison only; no field accuracy inference
TREE_0035,sector_balanced,,,MANUAL_REVIEW,ALTERNATIVE_POM,16.99,1.7,,geometry/coverage comparison only; no field accuracy inference
TREE_0036,axis_only,,,MANUAL_REVIEW,MANUAL_REVIEW,,,,geometry/coverage comparison only; no field accuracy inference
TREE_0036,baseline,,,MANUAL_REVIEW,MANUAL_REVIEW,,,,geometry/coverage comparison only; no field accuracy inference
TREE_0036,combined,,,MANUAL_REVIEW,MANUAL_REVIEW,,,,geometry/coverage comparison only; no field accuracy inference
TREE_0036,combined_without_stability,,,MANUAL_REVIEW,MANUAL_REVIEW,,,,geometry/coverage comparison only; no field accuracy inference
TREE_0036,ground_only,,,MANUAL_REVIEW,MANUAL_REVIEW,,,,geometry/coverage comparison only; no field accuracy inference
TREE_0036,point_weighted_control,,,MANUAL_REVIEW,MANUAL_REVIEW,,,,geometry/coverage comparison only; no field accuracy inference
TREE_0036,sector_balanced,,,MANUAL_REVIEW,MANUAL_REVIEW,,,,geometry/coverage comparison only; no field accuracy inference
TREE_0037,axis_only,7.2607414,1.3,STANDARD_DBH,STANDARD_DBH,7.02,1.3,,geometry/coverage comparison only; no field accuracy inference
TREE_0037,baseline,7.02,1.3,STANDARD_DBH,STANDARD_DBH,7.02,1.3,,geometry/coverage comparison only; no field accuracy inference
TREE_0037,combined,7.2197471,1.3,STANDARD_DBH,STANDARD_DBH,7.02,1.3,,geometry/coverage comparison only; no field accuracy inference
TREE_0037,combined_without_stability,7.2197471,1.3,STANDARD_DBH,STANDARD_DBH,7.02,1.3,,geometry/coverage comparison only; no field accuracy inference
TREE_0037,ground_only,7.2035961,1.3,STANDARD_DBH,STANDARD_DBH,7.02,1.3,,geometry/coverage comparison only; no field accuracy inference
TREE_0037,point_weighted_control,7.2287387,1.3,STANDARD_DBH,STANDARD_DBH,7.02,1.3,,geometry/coverage comparison only; no field accuracy inference
TREE_0037,sector_balanced,7.2379831,1.3,STANDARD_DBH,STANDARD_DBH,7.02,1.3,,geometry/coverage comparison only; no field accuracy inference
TREE_0038,axis_only,,,MANUAL_REVIEW,MANUAL_REVIEW,,,,geometry/coverage comparison only; no field accuracy inference
TREE_0038,baseline,,,MANUAL_REVIEW,MANUAL_REVIEW,,,,geometry/coverage comparison only; no field accuracy inference
TREE_0038,combined,,,MANUAL_REVIEW,MANUAL_REVIEW,,,,geometry/coverage comparison only; no field accuracy inference
TREE_0038,combined_without_stability,,,MANUAL_REVIEW,MANUAL_REVIEW,,,,geometry/coverage comparison only; no field accuracy inference
TREE_0038,ground_only,,,MANUAL_REVIEW,MANUAL_REVIEW,,,,geometry/coverage comparison only; no field accuracy inference
TREE_0038,point_weighted_control,,,MANUAL_REVIEW,MANUAL_REVIEW,,,,geometry/coverage comparison only; no field accuracy inference
TREE_0038,sector_balanced,,,MANUAL_REVIEW,MANUAL_REVIEW,,,,geometry/coverage comparison only; no field accuracy inference
TREE_0039,axis_only,,,MANUAL_REVIEW,STANDARD_DBH,9.85,1.3,,geometry/coverage comparison only; no field accuracy inference
TREE_0039,baseline,9.85,1.3,STANDARD_DBH,STANDARD_DBH,9.85,1.3,,geometry/coverage comparison only; no field accuracy inference
TREE_0039,combined,,,MANUAL_REVIEW,STANDARD_DBH,9.85,1.3,,geometry/coverage comparison only; no field accuracy inference
TREE_0039,combined_without_stability,,,MANUAL_REVIEW,STANDARD_DBH,9.85,1.3,,geometry/coverage comparison only; no field accuracy inference
TREE_0039,ground_only,,,MANUAL_REVIEW,STANDARD_DBH,9.85,1.3,,geometry/coverage comparison only; no field accuracy inference
TREE_0039,point_weighted_control,,,MANUAL_REVIEW,STANDARD_DBH,9.85,1.3,,geometry/coverage comparison only; no field accuracy inference
TREE_0039,sector_balanced,,,MANUAL_REVIEW,STANDARD_DBH,9.85,1.3,,geometry/coverage comparison only; no field accuracy inference
TREE_0040,axis_only,,,MANUAL_REVIEW,ALTERNATIVE_POM,4.94,1.9,,geometry/coverage comparison only; no field accuracy inference
TREE_0040,baseline,4.94,1.9,ALTERNATIVE_POM,ALTERNATIVE_POM,4.94,1.9,,geometry/coverage comparison only; no field accuracy inference
TREE_0040,combined,,,MANUAL_REVIEW,ALTERNATIVE_POM,4.94,1.9,,geometry/coverage comparison only; no field accuracy inference
TREE_0040,combined_without_stability,,,MANUAL_REVIEW,ALTERNATIVE_POM,4.94,1.9,,geometry/coverage comparison only; no field accuracy inference
TREE_0040,ground_only,,,MANUAL_REVIEW,ALTERNATIVE_POM,4.94,1.9,,geometry/coverage comparison only; no field accuracy inference
TREE_0040,point_weighted_control,,,MANUAL_REVIEW,ALTERNATIVE_POM,4.94,1.9,,geometry/coverage comparison only; no field accuracy inference
TREE_0040,sector_balanced,,,MANUAL_REVIEW,ALTERNATIVE_POM,4.94,1.9,,geometry/coverage comparison only; no field accuracy inference
TREE_0041,axis_only,,,MANUAL_REVIEW,STANDARD_DBH,6.75,1.3,,geometry/coverage comparison only; no field accuracy inference
TREE_0041,baseline,6.75,1.3,STANDARD_DBH,STANDARD_DBH,6.75,1.3,,geometry/coverage comparison only; no field accuracy inference
TREE_0041,combined,,,MANUAL_REVIEW,STANDARD_DBH,6.75,1.3,,geometry/coverage comparison only; no field accuracy inference
TREE_0041,combined_without_stability,,,MANUAL_REVIEW,STANDARD_DBH,6.75,1.3,,geometry/coverage comparison only; no field accuracy inference
TREE_0041,ground_only,,,MANUAL_REVIEW,STANDARD_DBH,6.75,1.3,,geometry/coverage comparison only; no field accuracy inference
TREE_0041,point_weighted_control,,,MANUAL_REVIEW,STANDARD_DBH,6.75,1.3,,geometry/coverage comparison only; no field accuracy inference
TREE_0041,sector_balanced,,,MANUAL_REVIEW,STANDARD_DBH,6.75,1.3,,geometry/coverage comparison only; no field accuracy inference
TREE_0042,axis_only,,,MANUAL_REVIEW,MANUAL_REVIEW,,,,geometry/coverage comparison only; no field accuracy inference
TREE_0042,baseline,,,MANUAL_REVIEW,MANUAL_REVIEW,,,,geometry/coverage comparison only; no field accuracy inference
TREE_0042,combined,,,MANUAL_REVIEW,MANUAL_REVIEW,,,,geometry/coverage comparison only; no field accuracy inference
TREE_0042,combined_without_stability,,,MANUAL_REVIEW,MANUAL_REVIEW,,,,geometry/coverage comparison only; no field accuracy inference
TREE_0042,ground_only,,,MANUAL_REVIEW,MANUAL_REVIEW,,,,geometry/coverage comparison only; no field accuracy inference
TREE_0042,point_weighted_control,,,MANUAL_REVIEW,MANUAL_REVIEW,,,,geometry/coverage comparison only; no field accuracy inference
TREE_0042,sector_balanced,,,MANUAL_REVIEW,MANUAL_REVIEW,,,,geometry/coverage comparison only; no field accuracy inference
TREE_0043,axis_only,,,MANUAL_REVIEW,ALTERNATIVE_POM,11.48,3.9,,geometry/coverage comparison only; no field accuracy inference
TREE_0043,baseline,11.48,3.9,ALTERNATIVE_POM,ALTERNATIVE_POM,11.48,3.9,,geometry/coverage comparison only; no field accuracy inference
TREE_0043,combined,,,MANUAL_REVIEW,ALTERNATIVE_POM,11.48,3.9,,geometry/coverage comparison only; no field accuracy inference
TREE_0043,combined_without_stability,,,MANUAL_REVIEW,ALTERNATIVE_POM,11.48,3.9,,geometry/coverage comparison only; no field accuracy inference
TREE_0043,ground_only,,,MANUAL_REVIEW,ALTERNATIVE_POM,11.48,3.9,,geometry/coverage comparison only; no field accuracy inference
TREE_0043,point_weighted_control,,,MANUAL_REVIEW,ALTERNATIVE_POM,11.48,3.9,,geometry/coverage comparison only; no field accuracy inference
TREE_0043,sector_balanced,,,MANUAL_REVIEW,ALTERNATIVE_POM,11.48,3.9,,geometry/coverage comparison only; no field accuracy inference
TREE_0044,axis_only,12.0711056,1.6,ALTERNATIVE_POM,STANDARD_DBH,11.25,1.3,,geometry/coverage comparison only; no field accuracy inference
TREE_0044,baseline,11.25,1.3,STANDARD_DBH,STANDARD_DBH,11.25,1.3,,geometry/coverage comparison only; no field accuracy inference
TREE_0044,combined,12.391604,1.7,ALTERNATIVE_POM,STANDARD_DBH,11.25,1.3,,geometry/coverage comparison only; no field accuracy inference
TREE_0044,combined_without_stability,12.1256396,1.6,ALTERNATIVE_POM,STANDARD_DBH,11.25,1.3,,geometry/coverage comparison only; no field accuracy inference
TREE_0044,ground_only,12.0643999,1.6,ALTERNATIVE_POM,STANDARD_DBH,11.25,1.3,,geometry/coverage comparison only; no field accuracy inference
TREE_0044,point_weighted_control,12.2205201,1.6,ALTERNATIVE_POM,STANDARD_DBH,11.25,1.3,,geometry/coverage comparison only; no field accuracy inference
TREE_0044,sector_balanced,12.0628085,1.6,ALTERNATIVE_POM,STANDARD_DBH,11.25,1.3,,geometry/coverage comparison only; no field accuracy inference
TREE_0045,axis_only,,,MANUAL_REVIEW,MANUAL_REVIEW,,,,geometry/coverage comparison only; no field accuracy inference
TREE_0045,baseline,,,MANUAL_REVIEW,MANUAL_REVIEW,,,,geometry/coverage comparison only; no field accuracy inference
TREE_0045,combined,,,MANUAL_REVIEW,MANUAL_REVIEW,,,,geometry/coverage comparison only; no field accuracy inference
TREE_0045,combined_without_stability,,,MANUAL_REVIEW,MANUAL_REVIEW,,,,geometry/coverage comparison only; no field accuracy inference
TREE_0045,ground_only,,,MANUAL_REVIEW,MANUAL_REVIEW,,,,geometry/coverage comparison only; no field accuracy inference
TREE_0045,point_weighted_control,,,MANUAL_REVIEW,MANUAL_REVIEW,,,,geometry/coverage comparison only; no field accuracy inference
TREE_0045,sector_balanced,,,MANUAL_REVIEW,MANUAL_REVIEW,,,,geometry/coverage comparison only; no field accuracy inference
TREE_0046,axis_only,,,MANUAL_REVIEW,STANDARD_DBH,8.36,1.3,,geometry/coverage comparison only; no field accuracy inference
TREE_0046,baseline,8.36,1.3,STANDARD_DBH,STANDARD_DBH,8.36,1.3,,geometry/coverage comparison only; no field accuracy inference
TREE_0046,combined,,,MANUAL_REVIEW,STANDARD_DBH,8.36,1.3,,geometry/coverage comparison only; no field accuracy inference
TREE_0046,combined_without_stability,,,MANUAL_REVIEW,STANDARD_DBH,8.36,1.3,,geometry/coverage comparison only; no field accuracy inference
TREE_0046,ground_only,7.8438232,1.6,ALTERNATIVE_POM,STANDARD_DBH,8.36,1.3,,geometry/coverage comparison only; no field accuracy inference
TREE_0046,point_weighted_control,7.9529244,1.6,ALTERNATIVE_POM,STANDARD_DBH,8.36,1.3,,geometry/coverage comparison only; no field accuracy inference
TREE_0046,sector_balanced,7.8525931,1.6,ALTERNATIVE_POM,STANDARD_DBH,8.36,1.3,,geometry/coverage comparison only; no field accuracy inference
TREE_0047,axis_only,,,MANUAL_REVIEW,MANUAL_REVIEW,,,,geometry/coverage comparison only; no field accuracy inference
TREE_0047,baseline,,,MANUAL_REVIEW,MANUAL_REVIEW,,,,geometry/coverage comparison only; no field accuracy inference
TREE_0047,combined,,,MANUAL_REVIEW,MANUAL_REVIEW,,,,geometry/coverage comparison only; no field accuracy inference
TREE_0047,combined_without_stability,,,MANUAL_REVIEW,MANUAL_REVIEW,,,,geometry/coverage comparison only; no field accuracy inference
TREE_0047,ground_only,,,MANUAL_REVIEW,MANUAL_REVIEW,,,,geometry/coverage comparison only; no field accuracy inference
TREE_0047,point_weighted_control,,,MANUAL_REVIEW,MANUAL_REVIEW,,,,geometry/coverage comparison only; no field accuracy inference
TREE_0047,sector_balanced,,,MANUAL_REVIEW,MANUAL_REVIEW,,,,geometry/coverage comparison only; no field accuracy inference
TREE_0048,axis_only,,,MANUAL_REVIEW,ALTERNATIVE_POM,16.0,3.1,,geometry/coverage comparison only; no field accuracy inference
TREE_0048,baseline,16.0,3.1,ALTERNATIVE_POM,ALTERNATIVE_POM,16.0,3.1,,geometry/coverage comparison only; no field accuracy inference
TREE_0048,combined,,,MANUAL_REVIEW,ALTERNATIVE_POM,16.0,3.1,,geometry/coverage comparison only; no field accuracy inference
TREE_0048,combined_without_stability,,,MANUAL_REVIEW,ALTERNATIVE_POM,16.0,3.1,,geometry/coverage comparison only; no field accuracy inference
TREE_0048,ground_only,,,MANUAL_REVIEW,ALTERNATIVE_POM,16.0,3.1,,geometry/coverage comparison only; no field accuracy inference
TREE_0048,point_weighted_control,,,MANUAL_REVIEW,ALTERNATIVE_POM,16.0,3.1,,geometry/coverage comparison only; no field accuracy inference
TREE_0048,sector_balanced,,,MANUAL_REVIEW,ALTERNATIVE_POM,16.0,3.1,,geometry/coverage comparison only; no field accuracy inference
TREE_0049,axis_only,,,MANUAL_REVIEW,ALTERNATIVE_POM,4.04,1.6,,geometry/coverage comparison only; no field accuracy inference
TREE_0049,baseline,4.04,1.6,ALTERNATIVE_POM,ALTERNATIVE_POM,4.04,1.6,,geometry/coverage comparison only; no field accuracy inference
TREE_0049,combined,,,MANUAL_REVIEW,ALTERNATIVE_POM,4.04,1.6,,geometry/coverage comparison only; no field accuracy inference
TREE_0049,combined_without_stability,,,MANUAL_REVIEW,ALTERNATIVE_POM,4.04,1.6,,geometry/coverage comparison only; no field accuracy inference
TREE_0049,ground_only,,,MANUAL_REVIEW,ALTERNATIVE_POM,4.04,1.6,,geometry/coverage comparison only; no field accuracy inference
TREE_0049,point_weighted_control,,,MANUAL_REVIEW,ALTERNATIVE_POM,4.04,1.6,,geometry/coverage comparison only; no field accuracy inference
TREE_0049,sector_balanced,,,MANUAL_REVIEW,ALTERNATIVE_POM,4.04,1.6,,geometry/coverage comparison only; no field accuracy inference
TREE_0050,axis_only,,,MANUAL_REVIEW,STANDARD_DBH,5.84,1.3,,geometry/coverage comparison only; no field accuracy inference
TREE_0050,baseline,5.84,1.3,STANDARD_DBH,STANDARD_DBH,5.84,1.3,,geometry/coverage comparison only; no field accuracy inference
TREE_0050,combined,,,MANUAL_REVIEW,STANDARD_DBH,5.84,1.3,,geometry/coverage comparison only; no field accuracy inference
TREE_0050,combined_without_stability,,,MANUAL_REVIEW,STANDARD_DBH,5.84,1.3,,geometry/coverage comparison only; no field accuracy inference
TREE_0050,ground_only,,,MANUAL_REVIEW,STANDARD_DBH,5.84,1.3,,geometry/coverage comparison only; no field accuracy inference
TREE_0050,point_weighted_control,,,MANUAL_REVIEW,STANDARD_DBH,5.84,1.3,,geometry/coverage comparison only; no field accuracy inference
TREE_0050,sector_balanced,,,MANUAL_REVIEW,STANDARD_DBH,5.84,1.3,,geometry/coverage comparison only; no field accuracy inference
TREE_0051,axis_only,19.5574746,2.6,ALTERNATIVE_POM,ALTERNATIVE_POM,19.31,2.5,,geometry/coverage comparison only; no field accuracy inference
TREE_0051,baseline,19.31,2.5,ALTERNATIVE_POM,ALTERNATIVE_POM,19.31,2.5,,geometry/coverage comparison only; no field accuracy inference
TREE_0051,combined,19.554201,2.6,ALTERNATIVE_POM,ALTERNATIVE_POM,19.31,2.5,,geometry/coverage comparison only; no field accuracy inference
TREE_0051,combined_without_stability,19.554201,2.6,ALTERNATIVE_POM,ALTERNATIVE_POM,19.31,2.5,,geometry/coverage comparison only; no field accuracy inference
TREE_0051,ground_only,19.5541664,2.6,ALTERNATIVE_POM,ALTERNATIVE_POM,19.31,2.5,,geometry/coverage comparison only; no field accuracy inference
TREE_0051,point_weighted_control,19.5574343,2.6,ALTERNATIVE_POM,ALTERNATIVE_POM,19.31,2.5,,geometry/coverage comparison only; no field accuracy inference
TREE_0051,sector_balanced,19.5574343,2.6,ALTERNATIVE_POM,ALTERNATIVE_POM,19.31,2.5,,geometry/coverage comparison only; no field accuracy inference
TREE_0052,axis_only,,,MANUAL_REVIEW,ALTERNATIVE_POM,4.72,3.4,,geometry/coverage comparison only; no field accuracy inference
TREE_0052,baseline,4.72,3.4,ALTERNATIVE_POM,ALTERNATIVE_POM,4.72,3.4,,geometry/coverage comparison only; no field accuracy inference
TREE_0052,combined,,,MANUAL_REVIEW,ALTERNATIVE_POM,4.72,3.4,,geometry/coverage comparison only; no field accuracy inference
TREE_0052,combined_without_stability,,,MANUAL_REVIEW,ALTERNATIVE_POM,4.72,3.4,,geometry/coverage comparison only; no field accuracy inference
TREE_0052,ground_only,,,MANUAL_REVIEW,ALTERNATIVE_POM,4.72,3.4,,geometry/coverage comparison only; no field accuracy inference
TREE_0052,point_weighted_control,,,MANUAL_REVIEW,ALTERNATIVE_POM,4.72,3.4,,geometry/coverage comparison only; no field accuracy inference
TREE_0052,sector_balanced,,,MANUAL_REVIEW,ALTERNATIVE_POM,4.72,3.4,,geometry/coverage comparison only; no field accuracy inference
TREE_0053,axis_only,,,MANUAL_REVIEW,MANUAL_REVIEW,,,,geometry/coverage comparison only; no field accuracy inference
TREE_0053,baseline,,,MANUAL_REVIEW,MANUAL_REVIEW,,,,geometry/coverage comparison only; no field accuracy inference
TREE_0053,combined,,,MANUAL_REVIEW,MANUAL_REVIEW,,,,geometry/coverage comparison only; no field accuracy inference
TREE_0053,combined_without_stability,,,MANUAL_REVIEW,MANUAL_REVIEW,,,,geometry/coverage comparison only; no field accuracy inference
TREE_0053,ground_only,,,MANUAL_REVIEW,MANUAL_REVIEW,,,,geometry/coverage comparison only; no field accuracy inference
TREE_0053,point_weighted_control,,,MANUAL_REVIEW,MANUAL_REVIEW,,,,geometry/coverage comparison only; no field accuracy inference
TREE_0053,sector_balanced,,,MANUAL_REVIEW,MANUAL_REVIEW,,,,geometry/coverage comparison only; no field accuracy inference
TREE_0054,axis_only,,,MANUAL_REVIEW,ALTERNATIVE_POM,7.98,2.6,,geometry/coverage comparison only; no field accuracy inference
TREE_0054,baseline,7.98,2.6,ALTERNATIVE_POM,ALTERNATIVE_POM,7.98,2.6,,geometry/coverage comparison only; no field accuracy inference
TREE_0054,combined,,,MANUAL_REVIEW,ALTERNATIVE_POM,7.98,2.6,,geometry/coverage comparison only; no field accuracy inference
TREE_0054,combined_without_stability,,,MANUAL_REVIEW,ALTERNATIVE_POM,7.98,2.6,,geometry/coverage comparison only; no field accuracy inference
TREE_0054,ground_only,,,MANUAL_REVIEW,ALTERNATIVE_POM,7.98,2.6,,geometry/coverage comparison only; no field accuracy inference
TREE_0054,point_weighted_control,,,MANUAL_REVIEW,ALTERNATIVE_POM,7.98,2.6,,geometry/coverage comparison only; no field accuracy inference
TREE_0054,sector_balanced,,,MANUAL_REVIEW,ALTERNATIVE_POM,7.98,2.6,,geometry/coverage comparison only; no field accuracy inference
TREE_0055,axis_only,,,MANUAL_REVIEW,STANDARD_DBH,9.53,1.3,,geometry/coverage comparison only; no field accuracy inference
TREE_0055,baseline,9.53,1.3,STANDARD_DBH,STANDARD_DBH,9.53,1.3,,geometry/coverage comparison only; no field accuracy inference
TREE_0055,combined,,,MANUAL_REVIEW,STANDARD_DBH,9.53,1.3,,geometry/coverage comparison only; no field accuracy inference
TREE_0055,combined_without_stability,,,MANUAL_REVIEW,STANDARD_DBH,9.53,1.3,,geometry/coverage comparison only; no field accuracy inference
TREE_0055,ground_only,,,MANUAL_REVIEW,STANDARD_DBH,9.53,1.3,,geometry/coverage comparison only; no field accuracy inference
TREE_0055,point_weighted_control,,,MANUAL_REVIEW,STANDARD_DBH,9.53,1.3,,geometry/coverage comparison only; no field accuracy inference
TREE_0055,sector_balanced,,,MANUAL_REVIEW,STANDARD_DBH,9.53,1.3,,geometry/coverage comparison only; no field accuracy inference
TREE_0056,axis_only,,,MANUAL_REVIEW,MANUAL_REVIEW,,,,geometry/coverage comparison only; no field accuracy inference
TREE_0056,baseline,,,MANUAL_REVIEW,MANUAL_REVIEW,,,,geometry/coverage comparison only; no field accuracy inference
TREE_0056,combined,,,MANUAL_REVIEW,MANUAL_REVIEW,,,,geometry/coverage comparison only; no field accuracy inference
TREE_0056,combined_without_stability,,,MANUAL_REVIEW,MANUAL_REVIEW,,,,geometry/coverage comparison only; no field accuracy inference
TREE_0056,ground_only,,,MANUAL_REVIEW,MANUAL_REVIEW,,,,geometry/coverage comparison only; no field accuracy inference
TREE_0056,point_weighted_control,,,MANUAL_REVIEW,MANUAL_REVIEW,,,,geometry/coverage comparison only; no field accuracy inference
TREE_0056,sector_balanced,,,MANUAL_REVIEW,MANUAL_REVIEW,,,,geometry/coverage comparison only; no field accuracy inference
TREE_0057,axis_only,,,MANUAL_REVIEW,MANUAL_REVIEW,,,,geometry/coverage comparison only; no field accuracy inference
TREE_0057,baseline,,,MANUAL_REVIEW,MANUAL_REVIEW,,,,geometry/coverage comparison only; no field accuracy inference
TREE_0057,combined,,,MANUAL_REVIEW,MANUAL_REVIEW,,,,geometry/coverage comparison only; no field accuracy inference
TREE_0057,combined_without_stability,,,MANUAL_REVIEW,MANUAL_REVIEW,,,,geometry/coverage comparison only; no field accuracy inference
TREE_0057,ground_only,,,MANUAL_REVIEW,MANUAL_REVIEW,,,,geometry/coverage comparison only; no field accuracy inference
TREE_0057,point_weighted_control,,,MANUAL_REVIEW,MANUAL_REVIEW,,,,geometry/coverage comparison only; no field accuracy inference
TREE_0057,sector_balanced,,,MANUAL_REVIEW,MANUAL_REVIEW,,,,geometry/coverage comparison only; no field accuracy inference
TREE_0058,axis_only,,,MANUAL_REVIEW,MANUAL_REVIEW,,,,geometry/coverage comparison only; no field accuracy inference
TREE_0058,baseline,,,MANUAL_REVIEW,MANUAL_REVIEW,,,,geometry/coverage comparison only; no field accuracy inference
TREE_0058,combined,,,MANUAL_REVIEW,MANUAL_REVIEW,,,,geometry/coverage comparison only; no field accuracy inference
TREE_0058,combined_without_stability,,,MANUAL_REVIEW,MANUAL_REVIEW,,,,geometry/coverage comparison only; no field accuracy inference
TREE_0058,ground_only,,,MANUAL_REVIEW,MANUAL_REVIEW,,,,geometry/coverage comparison only; no field accuracy inference
TREE_0058,point_weighted_control,,,MANUAL_REVIEW,MANUAL_REVIEW,,,,geometry/coverage comparison only; no field accuracy inference
TREE_0058,sector_balanced,,,MANUAL_REVIEW,MANUAL_REVIEW,,,,geometry/coverage comparison only; no field accuracy inference
TREE_0059,axis_only,,,MANUAL_REVIEW,MANUAL_REVIEW,,,,geometry/coverage comparison only; no field accuracy inference
TREE_0059,baseline,,,MANUAL_REVIEW,MANUAL_REVIEW,,,,geometry/coverage comparison only; no field accuracy inference
TREE_0059,combined,,,MANUAL_REVIEW,MANUAL_REVIEW,,,,geometry/coverage comparison only; no field accuracy inference
TREE_0059,combined_without_stability,,,MANUAL_REVIEW,MANUAL_REVIEW,,,,geometry/coverage comparison only; no field accuracy inference
TREE_0059,ground_only,,,MANUAL_REVIEW,MANUAL_REVIEW,,,,geometry/coverage comparison only; no field accuracy inference
TREE_0059,point_weighted_control,,,MANUAL_REVIEW,MANUAL_REVIEW,,,,geometry/coverage comparison only; no field accuracy inference
TREE_0059,sector_balanced,,,MANUAL_REVIEW,MANUAL_REVIEW,,,,geometry/coverage comparison only; no field accuracy inference
TREE_0060,axis_only,,,MANUAL_REVIEW,MANUAL_REVIEW,,,,geometry/coverage comparison only; no field accuracy inference
TREE_0060,baseline,,,MANUAL_REVIEW,MANUAL_REVIEW,,,,geometry/coverage comparison only; no field accuracy inference
TREE_0060,combined,,,MANUAL_REVIEW,MANUAL_REVIEW,,,,geometry/coverage comparison only; no field accuracy inference
TREE_0060,combined_without_stability,,,MANUAL_REVIEW,MANUAL_REVIEW,,,,geometry/coverage comparison only; no field accuracy inference
TREE_0060,ground_only,,,MANUAL_REVIEW,MANUAL_REVIEW,,,,geometry/coverage comparison only; no field accuracy inference
TREE_0060,point_weighted_control,,,MANUAL_REVIEW,MANUAL_REVIEW,,,,geometry/coverage comparison only; no field accuracy inference
TREE_0060,sector_balanced,,,MANUAL_REVIEW,MANUAL_REVIEW,,,,geometry/coverage comparison only; no field accuracy inference
TREE_0061,axis_only,,,MANUAL_REVIEW,MANUAL_REVIEW,,,,geometry/coverage comparison only; no field accuracy inference
TREE_0061,baseline,,,MANUAL_REVIEW,MANUAL_REVIEW,,,,geometry/coverage comparison only; no field accuracy inference
TREE_0061,combined,,,MANUAL_REVIEW,MANUAL_REVIEW,,,,geometry/coverage comparison only; no field accuracy inference
TREE_0061,combined_without_stability,,,MANUAL_REVIEW,MANUAL_REVIEW,,,,geometry/coverage comparison only; no field accuracy inference
TREE_0061,ground_only,,,MANUAL_REVIEW,MANUAL_REVIEW,,,,geometry/coverage comparison only; no field accuracy inference
TREE_0061,point_weighted_control,,,MANUAL_REVIEW,MANUAL_REVIEW,,,,geometry/coverage comparison only; no field accuracy inference
TREE_0061,sector_balanced,,,MANUAL_REVIEW,MANUAL_REVIEW,,,,geometry/coverage comparison only; no field accuracy inference
TREE_0062,axis_only,,,MANUAL_REVIEW,ALTERNATIVE_POM,4.02,1.9,,geometry/coverage comparison only; no field accuracy inference
TREE_0062,baseline,4.02,1.9,ALTERNATIVE_POM,ALTERNATIVE_POM,4.02,1.9,,geometry/coverage comparison only; no field accuracy inference
TREE_0062,combined,,,MANUAL_REVIEW,ALTERNATIVE_POM,4.02,1.9,,geometry/coverage comparison only; no field accuracy inference
TREE_0062,combined_without_stability,,,MANUAL_REVIEW,ALTERNATIVE_POM,4.02,1.9,,geometry/coverage comparison only; no field accuracy inference
TREE_0062,ground_only,,,MANUAL_REVIEW,ALTERNATIVE_POM,4.02,1.9,,geometry/coverage comparison only; no field accuracy inference
TREE_0062,point_weighted_control,,,MANUAL_REVIEW,ALTERNATIVE_POM,4.02,1.9,,geometry/coverage comparison only; no field accuracy inference
TREE_0062,sector_balanced,,,MANUAL_REVIEW,ALTERNATIVE_POM,4.02,1.9,,geometry/coverage comparison only; no field accuracy inference
TREE_0063,axis_only,,,MANUAL_REVIEW,MANUAL_REVIEW,,,,geometry/coverage comparison only; no field accuracy inference
TREE_0063,baseline,,,MANUAL_REVIEW,MANUAL_REVIEW,,,,geometry/coverage comparison only; no field accuracy inference
TREE_0063,combined,,,MANUAL_REVIEW,MANUAL_REVIEW,,,,geometry/coverage comparison only; no field accuracy inference
TREE_0063,combined_without_stability,,,MANUAL_REVIEW,MANUAL_REVIEW,,,,geometry/coverage comparison only; no field accuracy inference
TREE_0063,ground_only,,,MANUAL_REVIEW,MANUAL_REVIEW,,,,geometry/coverage comparison only; no field accuracy inference
TREE_0063,point_weighted_control,,,MANUAL_REVIEW,MANUAL_REVIEW,,,,geometry/coverage comparison only; no field accuracy inference
TREE_0063,sector_balanced,,,MANUAL_REVIEW,MANUAL_REVIEW,,,,geometry/coverage comparison only; no field accuracy inference
TREE_0064,axis_only,,,MANUAL_REVIEW,MANUAL_REVIEW,,,,geometry/coverage comparison only; no field accuracy inference
TREE_0064,baseline,,,MANUAL_REVIEW,MANUAL_REVIEW,,,,geometry/coverage comparison only; no field accuracy inference
TREE_0064,combined,,,MANUAL_REVIEW,MANUAL_REVIEW,,,,geometry/coverage comparison only; no field accuracy inference
TREE_0064,combined_without_stability,,,MANUAL_REVIEW,MANUAL_REVIEW,,,,geometry/coverage comparison only; no field accuracy inference
TREE_0064,ground_only,,,MANUAL_REVIEW,MANUAL_REVIEW,,,,geometry/coverage comparison only; no field accuracy inference
TREE_0064,point_weighted_control,,,MANUAL_REVIEW,MANUAL_REVIEW,,,,geometry/coverage comparison only; no field accuracy inference
TREE_0064,sector_balanced,,,MANUAL_REVIEW,MANUAL_REVIEW,,,,geometry/coverage comparison only; no field accuracy inference
TREE_0065,axis_only,,,MANUAL_REVIEW,MANUAL_REVIEW,,,,geometry/coverage comparison only; no field accuracy inference
TREE_0065,baseline,,,MANUAL_REVIEW,MANUAL_REVIEW,,,,geometry/coverage comparison only; no field accuracy inference
TREE_0065,combined,,,MANUAL_REVIEW,MANUAL_REVIEW,,,,geometry/coverage comparison only; no field accuracy inference
TREE_0065,combined_without_stability,,,MANUAL_REVIEW,MANUAL_REVIEW,,,,geometry/coverage comparison only; no field accuracy inference
TREE_0065,ground_only,,,MANUAL_REVIEW,MANUAL_REVIEW,,,,geometry/coverage comparison only; no field accuracy inference
TREE_0065,point_weighted_control,,,MANUAL_REVIEW,MANUAL_REVIEW,,,,geometry/coverage comparison only; no field accuracy inference
TREE_0065,sector_balanced,,,MANUAL_REVIEW,MANUAL_REVIEW,,,,geometry/coverage comparison only; no field accuracy inference
TREE_0066,axis_only,,,MANUAL_REVIEW,ALTERNATIVE_POM,15.69,2.9,,geometry/coverage comparison only; no field accuracy inference
TREE_0066,baseline,15.69,2.9,ALTERNATIVE_POM,ALTERNATIVE_POM,15.69,2.9,,geometry/coverage comparison only; no field accuracy inference
TREE_0066,combined,,,MANUAL_REVIEW,ALTERNATIVE_POM,15.69,2.9,,geometry/coverage comparison only; no field accuracy inference
TREE_0066,combined_without_stability,,,MANUAL_REVIEW,ALTERNATIVE_POM,15.69,2.9,,geometry/coverage comparison only; no field accuracy inference
TREE_0066,ground_only,,,MANUAL_REVIEW,ALTERNATIVE_POM,15.69,2.9,,geometry/coverage comparison only; no field accuracy inference
TREE_0066,point_weighted_control,,,MANUAL_REVIEW,ALTERNATIVE_POM,15.69,2.9,,geometry/coverage comparison only; no field accuracy inference
TREE_0066,sector_balanced,,,MANUAL_REVIEW,ALTERNATIVE_POM,15.69,2.9,,geometry/coverage comparison only; no field accuracy inference
TREE_0067,axis_only,,,MANUAL_REVIEW,MANUAL_REVIEW,,,,geometry/coverage comparison only; no field accuracy inference
TREE_0067,baseline,,,MANUAL_REVIEW,MANUAL_REVIEW,,,,geometry/coverage comparison only; no field accuracy inference
TREE_0067,combined,,,MANUAL_REVIEW,MANUAL_REVIEW,,,,geometry/coverage comparison only; no field accuracy inference
TREE_0067,combined_without_stability,,,MANUAL_REVIEW,MANUAL_REVIEW,,,,geometry/coverage comparison only; no field accuracy inference
TREE_0067,ground_only,,,MANUAL_REVIEW,MANUAL_REVIEW,,,,geometry/coverage comparison only; no field accuracy inference
TREE_0067,point_weighted_control,,,MANUAL_REVIEW,MANUAL_REVIEW,,,,geometry/coverage comparison only; no field accuracy inference
TREE_0067,sector_balanced,,,MANUAL_REVIEW,MANUAL_REVIEW,,,,geometry/coverage comparison only; no field accuracy inference
TREE_0068,axis_only,,,MANUAL_REVIEW,ALTERNATIVE_POM,8.44,1.6,,geometry/coverage comparison only; no field accuracy inference
TREE_0068,baseline,8.44,1.6,ALTERNATIVE_POM,ALTERNATIVE_POM,8.44,1.6,,geometry/coverage comparison only; no field accuracy inference
TREE_0068,combined,,,MANUAL_REVIEW,ALTERNATIVE_POM,8.44,1.6,,geometry/coverage comparison only; no field accuracy inference
TREE_0068,combined_without_stability,,,MANUAL_REVIEW,ALTERNATIVE_POM,8.44,1.6,,geometry/coverage comparison only; no field accuracy inference
TREE_0068,ground_only,,,MANUAL_REVIEW,ALTERNATIVE_POM,8.44,1.6,,geometry/coverage comparison only; no field accuracy inference
TREE_0068,point_weighted_control,,,MANUAL_REVIEW,ALTERNATIVE_POM,8.44,1.6,,geometry/coverage comparison only; no field accuracy inference
TREE_0068,sector_balanced,,,MANUAL_REVIEW,ALTERNATIVE_POM,8.44,1.6,,geometry/coverage comparison only; no field accuracy inference
TREE_0069,axis_only,,,MANUAL_REVIEW,MANUAL_REVIEW,,,,geometry/coverage comparison only; no field accuracy inference
TREE_0069,baseline,,,MANUAL_REVIEW,MANUAL_REVIEW,,,,geometry/coverage comparison only; no field accuracy inference
TREE_0069,combined,,,MANUAL_REVIEW,MANUAL_REVIEW,,,,geometry/coverage comparison only; no field accuracy inference
TREE_0069,combined_without_stability,,,MANUAL_REVIEW,MANUAL_REVIEW,,,,geometry/coverage comparison only; no field accuracy inference
TREE_0069,ground_only,,,MANUAL_REVIEW,MANUAL_REVIEW,,,,geometry/coverage comparison only; no field accuracy inference
TREE_0069,point_weighted_control,,,MANUAL_REVIEW,MANUAL_REVIEW,,,,geometry/coverage comparison only; no field accuracy inference
TREE_0069,sector_balanced,,,MANUAL_REVIEW,MANUAL_REVIEW,,,,geometry/coverage comparison only; no field accuracy inference
TREE_0070,axis_only,19.8040513,2.5,ALTERNATIVE_POM,ALTERNATIVE_POM,21.21,2.2,,geometry/coverage comparison only; no field accuracy inference
TREE_0070,baseline,21.21,2.2,ALTERNATIVE_POM,ALTERNATIVE_POM,21.21,2.2,,geometry/coverage comparison only; no field accuracy inference
TREE_0070,combined,,,MANUAL_REVIEW,ALTERNATIVE_POM,21.21,2.2,,geometry/coverage comparison only; no field accuracy inference
TREE_0070,combined_without_stability,,,MANUAL_REVIEW,ALTERNATIVE_POM,21.21,2.2,,geometry/coverage comparison only; no field accuracy inference
TREE_0070,ground_only,,,MANUAL_REVIEW,ALTERNATIVE_POM,21.21,2.2,,geometry/coverage comparison only; no field accuracy inference
TREE_0070,point_weighted_control,19.8085971,2.5,ALTERNATIVE_POM,ALTERNATIVE_POM,21.21,2.2,,geometry/coverage comparison only; no field accuracy inference
TREE_0070,sector_balanced,19.8085971,2.5,ALTERNATIVE_POM,ALTERNATIVE_POM,21.21,2.2,,geometry/coverage comparison only; no field accuracy inference
TREE_0071,axis_only,,,MANUAL_REVIEW,MANUAL_REVIEW,,,,geometry/coverage comparison only; no field accuracy inference
TREE_0071,baseline,,,MANUAL_REVIEW,MANUAL_REVIEW,,,,geometry/coverage comparison only; no field accuracy inference
TREE_0071,combined,,,MANUAL_REVIEW,MANUAL_REVIEW,,,,geometry/coverage comparison only; no field accuracy inference
TREE_0071,combined_without_stability,,,MANUAL_REVIEW,MANUAL_REVIEW,,,,geometry/coverage comparison only; no field accuracy inference
TREE_0071,ground_only,,,MANUAL_REVIEW,MANUAL_REVIEW,,,,geometry/coverage comparison only; no field accuracy inference
TREE_0071,point_weighted_control,,,MANUAL_REVIEW,MANUAL_REVIEW,,,,geometry/coverage comparison only; no field accuracy inference
TREE_0071,sector_balanced,,,MANUAL_REVIEW,MANUAL_REVIEW,,,,geometry/coverage comparison only; no field accuracy inference
TREE_0072,axis_only,,,MANUAL_REVIEW,MANUAL_REVIEW,,,,geometry/coverage comparison only; no field accuracy inference
TREE_0072,baseline,,,MANUAL_REVIEW,MANUAL_REVIEW,,,,geometry/coverage comparison only; no field accuracy inference
TREE_0072,combined,,,MANUAL_REVIEW,MANUAL_REVIEW,,,,geometry/coverage comparison only; no field accuracy inference
TREE_0072,combined_without_stability,,,MANUAL_REVIEW,MANUAL_REVIEW,,,,geometry/coverage comparison only; no field accuracy inference
TREE_0072,ground_only,,,MANUAL_REVIEW,MANUAL_REVIEW,,,,geometry/coverage comparison only; no field accuracy inference
TREE_0072,point_weighted_control,,,MANUAL_REVIEW,MANUAL_REVIEW,,,,geometry/coverage comparison only; no field accuracy inference
TREE_0072,sector_balanced,,,MANUAL_REVIEW,MANUAL_REVIEW,,,,geometry/coverage comparison only; no field accuracy inference
TREE_0073,axis_only,,,MANUAL_REVIEW,STANDARD_DBH,7.5,1.3,,geometry/coverage comparison only; no field accuracy inference
TREE_0073,baseline,7.5,1.3,STANDARD_DBH,STANDARD_DBH,7.5,1.3,,geometry/coverage comparison only; no field accuracy inference
TREE_0073,combined,,,MANUAL_REVIEW,STANDARD_DBH,7.5,1.3,,geometry/coverage comparison only; no field accuracy inference
TREE_0073,combined_without_stability,,,MANUAL_REVIEW,STANDARD_DBH,7.5,1.3,,geometry/coverage comparison only; no field accuracy inference
TREE_0073,ground_only,,,MANUAL_REVIEW,STANDARD_DBH,7.5,1.3,,geometry/coverage comparison only; no field accuracy inference
TREE_0073,point_weighted_control,,,MANUAL_REVIEW,STANDARD_DBH,7.5,1.3,,geometry/coverage comparison only; no field accuracy inference
TREE_0073,sector_balanced,,,MANUAL_REVIEW,STANDARD_DBH,7.5,1.3,,geometry/coverage comparison only; no field accuracy inference
TREE_0074,axis_only,,,MANUAL_REVIEW,STANDARD_DBH,7.37,1.3,,geometry/coverage comparison only; no field accuracy inference
TREE_0074,baseline,7.37,1.3,STANDARD_DBH,STANDARD_DBH,7.37,1.3,,geometry/coverage comparison only; no field accuracy inference
TREE_0074,combined,,,MANUAL_REVIEW,STANDARD_DBH,7.37,1.3,,geometry/coverage comparison only; no field accuracy inference
TREE_0074,combined_without_stability,,,MANUAL_REVIEW,STANDARD_DBH,7.37,1.3,,geometry/coverage comparison only; no field accuracy inference
TREE_0074,ground_only,,,MANUAL_REVIEW,STANDARD_DBH,7.37,1.3,,geometry/coverage comparison only; no field accuracy inference
TREE_0074,point_weighted_control,,,MANUAL_REVIEW,STANDARD_DBH,7.37,1.3,,geometry/coverage comparison only; no field accuracy inference
TREE_0074,sector_balanced,,,MANUAL_REVIEW,STANDARD_DBH,7.37,1.3,,geometry/coverage comparison only; no field accuracy inference
TREE_0075,axis_only,8.3632094,1.6,ALTERNATIVE_POM,STANDARD_DBH,8.45,1.3,,geometry/coverage comparison only; no field accuracy inference
TREE_0075,baseline,8.45,1.3,STANDARD_DBH,STANDARD_DBH,8.45,1.3,,geometry/coverage comparison only; no field accuracy inference
TREE_0075,combined,8.3740906,1.8,ALTERNATIVE_POM,STANDARD_DBH,8.45,1.3,,geometry/coverage comparison only; no field accuracy inference
TREE_0075,combined_without_stability,8.3491821,1.6,ALTERNATIVE_POM,STANDARD_DBH,8.45,1.3,,geometry/coverage comparison only; no field accuracy inference
TREE_0075,ground_only,8.3488131,1.6,ALTERNATIVE_POM,STANDARD_DBH,8.45,1.3,,geometry/coverage comparison only; no field accuracy inference
TREE_0075,point_weighted_control,8.3034623,1.6,ALTERNATIVE_POM,STANDARD_DBH,8.45,1.3,,geometry/coverage comparison only; no field accuracy inference
TREE_0075,sector_balanced,8.3552847,1.6,ALTERNATIVE_POM,STANDARD_DBH,8.45,1.3,,geometry/coverage comparison only; no field accuracy inference
TREE_0076,axis_only,,,MANUAL_REVIEW,STANDARD_DBH,8.07,1.3,,geometry/coverage comparison only; no field accuracy inference
TREE_0076,baseline,8.07,1.3,STANDARD_DBH,STANDARD_DBH,8.07,1.3,,geometry/coverage comparison only; no field accuracy inference
TREE_0076,combined,,,MANUAL_REVIEW,STANDARD_DBH,8.07,1.3,,geometry/coverage comparison only; no field accuracy inference
TREE_0076,combined_without_stability,8.241753,1.3,STANDARD_DBH,STANDARD_DBH,8.07,1.3,,geometry/coverage comparison only; no field accuracy inference
TREE_0076,ground_only,,,MANUAL_REVIEW,STANDARD_DBH,8.07,1.3,,geometry/coverage comparison only; no field accuracy inference
TREE_0076,point_weighted_control,,,MANUAL_REVIEW,STANDARD_DBH,8.07,1.3,,geometry/coverage comparison only; no field accuracy inference
TREE_0076,sector_balanced,,,MANUAL_REVIEW,STANDARD_DBH,8.07,1.3,,geometry/coverage comparison only; no field accuracy inference
TREE_0077,axis_only,,,MANUAL_REVIEW,ALTERNATIVE_POM,6.26,2.8,,geometry/coverage comparison only; no field accuracy inference
TREE_0077,baseline,6.26,2.8,ALTERNATIVE_POM,ALTERNATIVE_POM,6.26,2.8,,geometry/coverage comparison only; no field accuracy inference
TREE_0077,combined,,,MANUAL_REVIEW,ALTERNATIVE_POM,6.26,2.8,,geometry/coverage comparison only; no field accuracy inference
TREE_0077,combined_without_stability,,,MANUAL_REVIEW,ALTERNATIVE_POM,6.26,2.8,,geometry/coverage comparison only; no field accuracy inference
TREE_0077,ground_only,,,MANUAL_REVIEW,ALTERNATIVE_POM,6.26,2.8,,geometry/coverage comparison only; no field accuracy inference
TREE_0077,point_weighted_control,,,MANUAL_REVIEW,ALTERNATIVE_POM,6.26,2.8,,geometry/coverage comparison only; no field accuracy inference
TREE_0077,sector_balanced,,,MANUAL_REVIEW,ALTERNATIVE_POM,6.26,2.8,,geometry/coverage comparison only; no field accuracy inference
TREE_0078,axis_only,,,MANUAL_REVIEW,ALTERNATIVE_POM,4.04,1.9,,geometry/coverage comparison only; no field accuracy inference
TREE_0078,baseline,4.04,1.9,ALTERNATIVE_POM,ALTERNATIVE_POM,4.04,1.9,,geometry/coverage comparison only; no field accuracy inference
TREE_0078,combined,,,MANUAL_REVIEW,ALTERNATIVE_POM,4.04,1.9,,geometry/coverage comparison only; no field accuracy inference
TREE_0078,combined_without_stability,,,MANUAL_REVIEW,ALTERNATIVE_POM,4.04,1.9,,geometry/coverage comparison only; no field accuracy inference
TREE_0078,ground_only,,,MANUAL_REVIEW,ALTERNATIVE_POM,4.04,1.9,,geometry/coverage comparison only; no field accuracy inference
TREE_0078,point_weighted_control,,,MANUAL_REVIEW,ALTERNATIVE_POM,4.04,1.9,,geometry/coverage comparison only; no field accuracy inference
TREE_0078,sector_balanced,,,MANUAL_REVIEW,ALTERNATIVE_POM,4.04,1.9,,geometry/coverage comparison only; no field accuracy inference
TREE_0079,axis_only,,,MANUAL_REVIEW,MANUAL_REVIEW,,,,geometry/coverage comparison only; no field accuracy inference
TREE_0079,baseline,,,MANUAL_REVIEW,MANUAL_REVIEW,,,,geometry/coverage comparison only; no field accuracy inference
TREE_0079,combined,,,MANUAL_REVIEW,MANUAL_REVIEW,,,,geometry/coverage comparison only; no field accuracy inference
TREE_0079,combined_without_stability,,,MANUAL_REVIEW,MANUAL_REVIEW,,,,geometry/coverage comparison only; no field accuracy inference
TREE_0079,ground_only,,,MANUAL_REVIEW,MANUAL_REVIEW,,,,geometry/coverage comparison only; no field accuracy inference
TREE_0079,point_weighted_control,,,MANUAL_REVIEW,MANUAL_REVIEW,,,,geometry/coverage comparison only; no field accuracy inference
TREE_0079,sector_balanced,,,MANUAL_REVIEW,MANUAL_REVIEW,,,,geometry/coverage comparison only; no field accuracy inference
TREE_0080,axis_only,,,MANUAL_REVIEW,MANUAL_REVIEW,,,,geometry/coverage comparison only; no field accuracy inference
TREE_0080,baseline,,,MANUAL_REVIEW,MANUAL_REVIEW,,,,geometry/coverage comparison only; no field accuracy inference
TREE_0080,combined,,,MANUAL_REVIEW,MANUAL_REVIEW,,,,geometry/coverage comparison only; no field accuracy inference
TREE_0080,combined_without_stability,,,MANUAL_REVIEW,MANUAL_REVIEW,,,,geometry/coverage comparison only; no field accuracy inference
TREE_0080,ground_only,,,MANUAL_REVIEW,MANUAL_REVIEW,,,,geometry/coverage comparison only; no field accuracy inference
TREE_0080,point_weighted_control,,,MANUAL_REVIEW,MANUAL_REVIEW,,,,geometry/coverage comparison only; no field accuracy inference
TREE_0080,sector_balanced,,,MANUAL_REVIEW,MANUAL_REVIEW,,,,geometry/coverage comparison only; no field accuracy inference
TREE_0081,axis_only,,,MANUAL_REVIEW,STANDARD_DBH,6.78,1.3,,geometry/coverage comparison only; no field accuracy inference
TREE_0081,baseline,6.78,1.3,STANDARD_DBH,STANDARD_DBH,6.78,1.3,,geometry/coverage comparison only; no field accuracy inference
TREE_0081,combined,,,MANUAL_REVIEW,STANDARD_DBH,6.78,1.3,,geometry/coverage comparison only; no field accuracy inference
TREE_0081,combined_without_stability,,,MANUAL_REVIEW,STANDARD_DBH,6.78,1.3,,geometry/coverage comparison only; no field accuracy inference
TREE_0081,ground_only,,,MANUAL_REVIEW,STANDARD_DBH,6.78,1.3,,geometry/coverage comparison only; no field accuracy inference
TREE_0081,point_weighted_control,,,MANUAL_REVIEW,STANDARD_DBH,6.78,1.3,,geometry/coverage comparison only; no field accuracy inference
TREE_0081,sector_balanced,,,MANUAL_REVIEW,STANDARD_DBH,6.78,1.3,,geometry/coverage comparison only; no field accuracy inference
TREE_0082,axis_only,7.2970304,2.4,ALTERNATIVE_POM,ALTERNATIVE_POM,7.33,1.6,,geometry/coverage comparison only; no field accuracy inference
TREE_0082,baseline,7.33,1.6,ALTERNATIVE_POM,ALTERNATIVE_POM,7.33,1.6,,geometry/coverage comparison only; no field accuracy inference
TREE_0082,combined,,,MANUAL_REVIEW,ALTERNATIVE_POM,7.33,1.6,,geometry/coverage comparison only; no field accuracy inference
TREE_0082,combined_without_stability,7.2352362,2.4,ALTERNATIVE_POM,ALTERNATIVE_POM,7.33,1.6,,geometry/coverage comparison only; no field accuracy inference
TREE_0082,ground_only,7.5256431,1.6,ALTERNATIVE_POM,ALTERNATIVE_POM,7.33,1.6,,geometry/coverage comparison only; no field accuracy inference
TREE_0082,point_weighted_control,7.4571242,1.6,ALTERNATIVE_POM,ALTERNATIVE_POM,7.33,1.6,,geometry/coverage comparison only; no field accuracy inference
TREE_0082,sector_balanced,7.531754,1.6,ALTERNATIVE_POM,ALTERNATIVE_POM,7.33,1.6,,geometry/coverage comparison only; no field accuracy inference
TREE_0083,axis_only,,,MANUAL_REVIEW,STANDARD_DBH,6.81,1.3,,geometry/coverage comparison only; no field accuracy inference
TREE_0083,baseline,6.81,1.3,STANDARD_DBH,STANDARD_DBH,6.81,1.3,,geometry/coverage comparison only; no field accuracy inference
TREE_0083,combined,,,MANUAL_REVIEW,STANDARD_DBH,6.81,1.3,,geometry/coverage comparison only; no field accuracy inference
TREE_0083,combined_without_stability,,,MANUAL_REVIEW,STANDARD_DBH,6.81,1.3,,geometry/coverage comparison only; no field accuracy inference
TREE_0083,ground_only,,,MANUAL_REVIEW,STANDARD_DBH,6.81,1.3,,geometry/coverage comparison only; no field accuracy inference
TREE_0083,point_weighted_control,,,MANUAL_REVIEW,STANDARD_DBH,6.81,1.3,,geometry/coverage comparison only; no field accuracy inference
TREE_0083,sector_balanced,,,MANUAL_REVIEW,STANDARD_DBH,6.81,1.3,,geometry/coverage comparison only; no field accuracy inference
TREE_0084,axis_only,,,MANUAL_REVIEW,ALTERNATIVE_POM,4.08,3.1,,geometry/coverage comparison only; no field accuracy inference
TREE_0084,baseline,4.08,3.1,ALTERNATIVE_POM,ALTERNATIVE_POM,4.08,3.1,,geometry/coverage comparison only; no field accuracy inference
TREE_0084,combined,,,MANUAL_REVIEW,ALTERNATIVE_POM,4.08,3.1,,geometry/coverage comparison only; no field accuracy inference
TREE_0084,combined_without_stability,,,MANUAL_REVIEW,ALTERNATIVE_POM,4.08,3.1,,geometry/coverage comparison only; no field accuracy inference
TREE_0084,ground_only,,,MANUAL_REVIEW,ALTERNATIVE_POM,4.08,3.1,,geometry/coverage comparison only; no field accuracy inference
TREE_0084,point_weighted_control,,,MANUAL_REVIEW,ALTERNATIVE_POM,4.08,3.1,,geometry/coverage comparison only; no field accuracy inference
TREE_0084,sector_balanced,,,MANUAL_REVIEW,ALTERNATIVE_POM,4.08,3.1,,geometry/coverage comparison only; no field accuracy inference
TREE_0085,axis_only,,,MANUAL_REVIEW,MANUAL_REVIEW,,,,geometry/coverage comparison only; no field accuracy inference
TREE_0085,baseline,,,MANUAL_REVIEW,MANUAL_REVIEW,,,,geometry/coverage comparison only; no field accuracy inference
TREE_0085,combined,,,MANUAL_REVIEW,MANUAL_REVIEW,,,,geometry/coverage comparison only; no field accuracy inference
TREE_0085,combined_without_stability,,,MANUAL_REVIEW,MANUAL_REVIEW,,,,geometry/coverage comparison only; no field accuracy inference
TREE_0085,ground_only,,,MANUAL_REVIEW,MANUAL_REVIEW,,,,geometry/coverage comparison only; no field accuracy inference
TREE_0085,point_weighted_control,,,MANUAL_REVIEW,MANUAL_REVIEW,,,,geometry/coverage comparison only; no field accuracy inference
TREE_0085,sector_balanced,,,MANUAL_REVIEW,MANUAL_REVIEW,,,,geometry/coverage comparison only; no field accuracy inference
TREE_0086,axis_only,,,MANUAL_REVIEW,MANUAL_REVIEW,,,,geometry/coverage comparison only; no field accuracy inference
TREE_0086,baseline,,,MANUAL_REVIEW,MANUAL_REVIEW,,,,geometry/coverage comparison only; no field accuracy inference
TREE_0086,combined,,,MANUAL_REVIEW,MANUAL_REVIEW,,,,geometry/coverage comparison only; no field accuracy inference
TREE_0086,combined_without_stability,,,MANUAL_REVIEW,MANUAL_REVIEW,,,,geometry/coverage comparison only; no field accuracy inference
TREE_0086,ground_only,,,MANUAL_REVIEW,MANUAL_REVIEW,,,,geometry/coverage comparison only; no field accuracy inference
TREE_0086,point_weighted_control,,,MANUAL_REVIEW,MANUAL_REVIEW,,,,geometry/coverage comparison only; no field accuracy inference
TREE_0086,sector_balanced,,,MANUAL_REVIEW,MANUAL_REVIEW,,,,geometry/coverage comparison only; no field accuracy inference
TREE_0087,axis_only,,,MANUAL_REVIEW,MANUAL_REVIEW,,,,geometry/coverage comparison only; no field accuracy inference
TREE_0087,baseline,,,MANUAL_REVIEW,MANUAL_REVIEW,,,,geometry/coverage comparison only; no field accuracy inference
TREE_0087,combined,,,MANUAL_REVIEW,MANUAL_REVIEW,,,,geometry/coverage comparison only; no field accuracy inference
TREE_0087,combined_without_stability,,,MANUAL_REVIEW,MANUAL_REVIEW,,,,geometry/coverage comparison only; no field accuracy inference
TREE_0087,ground_only,,,MANUAL_REVIEW,MANUAL_REVIEW,,,,geometry/coverage comparison only; no field accuracy inference
TREE_0087,point_weighted_control,,,MANUAL_REVIEW,MANUAL_REVIEW,,,,geometry/coverage comparison only; no field accuracy inference
TREE_0087,sector_balanced,,,MANUAL_REVIEW,MANUAL_REVIEW,,,,geometry/coverage comparison only; no field accuracy inference
TREE_0088,axis_only,,,MANUAL_REVIEW,MANUAL_REVIEW,,,,geometry/coverage comparison only; no field accuracy inference
TREE_0088,baseline,,,MANUAL_REVIEW,MANUAL_REVIEW,,,,geometry/coverage comparison only; no field accuracy inference
TREE_0088,combined,,,MANUAL_REVIEW,MANUAL_REVIEW,,,,geometry/coverage comparison only; no field accuracy inference
TREE_0088,combined_without_stability,,,MANUAL_REVIEW,MANUAL_REVIEW,,,,geometry/coverage comparison only; no field accuracy inference
TREE_0088,ground_only,,,MANUAL_REVIEW,MANUAL_REVIEW,,,,geometry/coverage comparison only; no field accuracy inference
TREE_0088,point_weighted_control,,,MANUAL_REVIEW,MANUAL_REVIEW,,,,geometry/coverage comparison only; no field accuracy inference
TREE_0088,sector_balanced,,,MANUAL_REVIEW,MANUAL_REVIEW,,,,geometry/coverage comparison only; no field accuracy inference
TREE_0089,axis_only,,,MANUAL_REVIEW,MANUAL_REVIEW,,,,geometry/coverage comparison only; no field accuracy inference
TREE_0089,baseline,,,MANUAL_REVIEW,MANUAL_REVIEW,,,,geometry/coverage comparison only; no field accuracy inference
TREE_0089,combined,,,MANUAL_REVIEW,MANUAL_REVIEW,,,,geometry/coverage comparison only; no field accuracy inference
TREE_0089,combined_without_stability,,,MANUAL_REVIEW,MANUAL_REVIEW,,,,geometry/coverage comparison only; no field accuracy inference
TREE_0089,ground_only,,,MANUAL_REVIEW,MANUAL_REVIEW,,,,geometry/coverage comparison only; no field accuracy inference
TREE_0089,point_weighted_control,,,MANUAL_REVIEW,MANUAL_REVIEW,,,,geometry/coverage comparison only; no field accuracy inference
TREE_0089,sector_balanced,,,MANUAL_REVIEW,MANUAL_REVIEW,,,,geometry/coverage comparison only; no field accuracy inference
TREE_0090,axis_only,,,MANUAL_REVIEW,MANUAL_REVIEW,,,,geometry/coverage comparison only; no field accuracy inference
TREE_0090,baseline,,,MANUAL_REVIEW,MANUAL_REVIEW,,,,geometry/coverage comparison only; no field accuracy inference
TREE_0090,combined,,,MANUAL_REVIEW,MANUAL_REVIEW,,,,geometry/coverage comparison only; no field accuracy inference
TREE_0090,combined_without_stability,,,MANUAL_REVIEW,MANUAL_REVIEW,,,,geometry/coverage comparison only; no field accuracy inference
TREE_0090,ground_only,,,MANUAL_REVIEW,MANUAL_REVIEW,,,,geometry/coverage comparison only; no field accuracy inference
TREE_0090,point_weighted_control,,,MANUAL_REVIEW,MANUAL_REVIEW,,,,geometry/coverage comparison only; no field accuracy inference
TREE_0090,sector_balanced,,,MANUAL_REVIEW,MANUAL_REVIEW,,,,geometry/coverage comparison only; no field accuracy inference
TREE_0091,axis_only,,,MANUAL_REVIEW,ALTERNATIVE_POM,11.65,3.4,,geometry/coverage comparison only; no field accuracy inference
TREE_0091,baseline,11.65,3.4,ALTERNATIVE_POM,ALTERNATIVE_POM,11.65,3.4,,geometry/coverage comparison only; no field accuracy inference
TREE_0091,combined,,,MANUAL_REVIEW,ALTERNATIVE_POM,11.65,3.4,,geometry/coverage comparison only; no field accuracy inference
TREE_0091,combined_without_stability,,,MANUAL_REVIEW,ALTERNATIVE_POM,11.65,3.4,,geometry/coverage comparison only; no field accuracy inference
TREE_0091,ground_only,,,MANUAL_REVIEW,ALTERNATIVE_POM,11.65,3.4,,geometry/coverage comparison only; no field accuracy inference
TREE_0091,point_weighted_control,,,MANUAL_REVIEW,ALTERNATIVE_POM,11.65,3.4,,geometry/coverage comparison only; no field accuracy inference
TREE_0091,sector_balanced,,,MANUAL_REVIEW,ALTERNATIVE_POM,11.65,3.4,,geometry/coverage comparison only; no field accuracy inference
TREE_0092,axis_only,,,MANUAL_REVIEW,MANUAL_REVIEW,,,,geometry/coverage comparison only; no field accuracy inference
TREE_0092,baseline,,,MANUAL_REVIEW,MANUAL_REVIEW,,,,geometry/coverage comparison only; no field accuracy inference
TREE_0092,combined,,,MANUAL_REVIEW,MANUAL_REVIEW,,,,geometry/coverage comparison only; no field accuracy inference
TREE_0092,combined_without_stability,,,MANUAL_REVIEW,MANUAL_REVIEW,,,,geometry/coverage comparison only; no field accuracy inference
TREE_0092,ground_only,,,MANUAL_REVIEW,MANUAL_REVIEW,,,,geometry/coverage comparison only; no field accuracy inference
TREE_0092,point_weighted_control,,,MANUAL_REVIEW,MANUAL_REVIEW,,,,geometry/coverage comparison only; no field accuracy inference
TREE_0092,sector_balanced,,,MANUAL_REVIEW,MANUAL_REVIEW,,,,geometry/coverage comparison only; no field accuracy inference
TREE_0093,axis_only,,,MANUAL_REVIEW,MANUAL_REVIEW,,,,geometry/coverage comparison only; no field accuracy inference
TREE_0093,baseline,,,MANUAL_REVIEW,MANUAL_REVIEW,,,,geometry/coverage comparison only; no field accuracy inference
TREE_0093,combined,,,MANUAL_REVIEW,MANUAL_REVIEW,,,,geometry/coverage comparison only; no field accuracy inference
TREE_0093,combined_without_stability,,,MANUAL_REVIEW,MANUAL_REVIEW,,,,geometry/coverage comparison only; no field accuracy inference
TREE_0093,ground_only,,,MANUAL_REVIEW,MANUAL_REVIEW,,,,geometry/coverage comparison only; no field accuracy inference
TREE_0093,point_weighted_control,,,MANUAL_REVIEW,MANUAL_REVIEW,,,,geometry/coverage comparison only; no field accuracy inference
TREE_0093,sector_balanced,,,MANUAL_REVIEW,MANUAL_REVIEW,,,,geometry/coverage comparison only; no field accuracy inference
TREE_0094,axis_only,,,MANUAL_REVIEW,ALTERNATIVE_POM,5.03,1.5,,geometry/coverage comparison only; no field accuracy inference
TREE_0094,baseline,5.03,1.5,ALTERNATIVE_POM,ALTERNATIVE_POM,5.03,1.5,,geometry/coverage comparison only; no field accuracy inference
TREE_0094,combined,,,MANUAL_REVIEW,ALTERNATIVE_POM,5.03,1.5,,geometry/coverage comparison only; no field accuracy inference
TREE_0094,combined_without_stability,,,MANUAL_REVIEW,ALTERNATIVE_POM,5.03,1.5,,geometry/coverage comparison only; no field accuracy inference
TREE_0094,ground_only,,,MANUAL_REVIEW,ALTERNATIVE_POM,5.03,1.5,,geometry/coverage comparison only; no field accuracy inference
TREE_0094,point_weighted_control,,,MANUAL_REVIEW,ALTERNATIVE_POM,5.03,1.5,,geometry/coverage comparison only; no field accuracy inference
TREE_0094,sector_balanced,,,MANUAL_REVIEW,ALTERNATIVE_POM,5.03,1.5,,geometry/coverage comparison only; no field accuracy inference
TREE_0095,axis_only,,,MANUAL_REVIEW,STANDARD_DBH,23.33,1.3,,geometry/coverage comparison only; no field accuracy inference
TREE_0095,baseline,23.33,1.3,STANDARD_DBH,STANDARD_DBH,23.33,1.3,,geometry/coverage comparison only; no field accuracy inference
TREE_0095,combined,,,MANUAL_REVIEW,STANDARD_DBH,23.33,1.3,,geometry/coverage comparison only; no field accuracy inference
TREE_0095,combined_without_stability,,,MANUAL_REVIEW,STANDARD_DBH,23.33,1.3,,geometry/coverage comparison only; no field accuracy inference
TREE_0095,ground_only,,,MANUAL_REVIEW,STANDARD_DBH,23.33,1.3,,geometry/coverage comparison only; no field accuracy inference
TREE_0095,point_weighted_control,,,MANUAL_REVIEW,STANDARD_DBH,23.33,1.3,,geometry/coverage comparison only; no field accuracy inference
TREE_0095,sector_balanced,,,MANUAL_REVIEW,STANDARD_DBH,23.33,1.3,,geometry/coverage comparison only; no field accuracy inference
TREE_0096,axis_only,,,MANUAL_REVIEW,MANUAL_REVIEW,,,,geometry/coverage comparison only; no field accuracy inference
TREE_0096,baseline,,,MANUAL_REVIEW,MANUAL_REVIEW,,,,geometry/coverage comparison only; no field accuracy inference
TREE_0096,combined,,,MANUAL_REVIEW,MANUAL_REVIEW,,,,geometry/coverage comparison only; no field accuracy inference
TREE_0096,combined_without_stability,,,MANUAL_REVIEW,MANUAL_REVIEW,,,,geometry/coverage comparison only; no field accuracy inference
TREE_0096,ground_only,,,MANUAL_REVIEW,MANUAL_REVIEW,,,,geometry/coverage comparison only; no field accuracy inference
TREE_0096,point_weighted_control,,,MANUAL_REVIEW,MANUAL_REVIEW,,,,geometry/coverage comparison only; no field accuracy inference
TREE_0096,sector_balanced,,,MANUAL_REVIEW,MANUAL_REVIEW,,,,geometry/coverage comparison only; no field accuracy inference
TREE_0097,axis_only,8.0295909,1.3,STANDARD_DBH,STANDARD_DBH,7.87,1.3,,geometry/coverage comparison only; no field accuracy inference
TREE_0097,baseline,7.87,1.3,STANDARD_DBH,STANDARD_DBH,7.87,1.3,,geometry/coverage comparison only; no field accuracy inference
TREE_0097,combined,,,MANUAL_REVIEW,STANDARD_DBH,7.87,1.3,,geometry/coverage comparison only; no field accuracy inference
TREE_0097,combined_without_stability,,,MANUAL_REVIEW,STANDARD_DBH,7.87,1.3,,geometry/coverage comparison only; no field accuracy inference
TREE_0097,ground_only,8.0539907,1.3,STANDARD_DBH,STANDARD_DBH,7.87,1.3,,geometry/coverage comparison only; no field accuracy inference
TREE_0097,point_weighted_control,7.9805696,1.3,STANDARD_DBH,STANDARD_DBH,7.87,1.3,,geometry/coverage comparison only; no field accuracy inference
TREE_0097,sector_balanced,8.0469613,1.3,STANDARD_DBH,STANDARD_DBH,7.87,1.3,,geometry/coverage comparison only; no field accuracy inference
TREE_0098,axis_only,,,MANUAL_REVIEW,MANUAL_REVIEW,,,,geometry/coverage comparison only; no field accuracy inference
TREE_0098,baseline,,,MANUAL_REVIEW,MANUAL_REVIEW,,,,geometry/coverage comparison only; no field accuracy inference
TREE_0098,combined,,,MANUAL_REVIEW,MANUAL_REVIEW,,,,geometry/coverage comparison only; no field accuracy inference
TREE_0098,combined_without_stability,,,MANUAL_REVIEW,MANUAL_REVIEW,,,,geometry/coverage comparison only; no field accuracy inference
TREE_0098,ground_only,,,MANUAL_REVIEW,MANUAL_REVIEW,,,,geometry/coverage comparison only; no field accuracy inference
TREE_0098,point_weighted_control,,,MANUAL_REVIEW,MANUAL_REVIEW,,,,geometry/coverage comparison only; no field accuracy inference
TREE_0098,sector_balanced,,,MANUAL_REVIEW,MANUAL_REVIEW,,,,geometry/coverage comparison only; no field accuracy inference
TREE_0099,axis_only,9.7669534,2.7,ALTERNATIVE_POM,STANDARD_DBH,10.05,1.3,,geometry/coverage comparison only; no field accuracy inference
TREE_0099,baseline,10.05,1.3,STANDARD_DBH,STANDARD_DBH,10.05,1.3,,geometry/coverage comparison only; no field accuracy inference
TREE_0099,combined,,,MANUAL_REVIEW,STANDARD_DBH,10.05,1.3,,geometry/coverage comparison only; no field accuracy inference
TREE_0099,combined_without_stability,10.0341412,1.5,ALTERNATIVE_POM,STANDARD_DBH,10.05,1.3,,geometry/coverage comparison only; no field accuracy inference
TREE_0099,ground_only,10.0684653,1.5,ALTERNATIVE_POM,STANDARD_DBH,10.05,1.3,,geometry/coverage comparison only; no field accuracy inference
TREE_0099,point_weighted_control,9.8297949,1.5,ALTERNATIVE_POM,STANDARD_DBH,10.05,1.3,,geometry/coverage comparison only; no field accuracy inference
TREE_0099,sector_balanced,9.9056031,1.5,ALTERNATIVE_POM,STANDARD_DBH,10.05,1.3,,geometry/coverage comparison only; no field accuracy inference
TREE_0100,axis_only,,,MANUAL_REVIEW,ALTERNATIVE_POM,12.78,2.3,,geometry/coverage comparison only; no field accuracy inference
TREE_0100,baseline,12.78,2.3,ALTERNATIVE_POM,ALTERNATIVE_POM,12.78,2.3,,geometry/coverage comparison only; no field accuracy inference
TREE_0100,combined,,,MANUAL_REVIEW,ALTERNATIVE_POM,12.78,2.3,,geometry/coverage comparison only; no field accuracy inference
TREE_0100,combined_without_stability,,,MANUAL_REVIEW,ALTERNATIVE_POM,12.78,2.3,,geometry/coverage comparison only; no field accuracy inference
TREE_0100,ground_only,,,MANUAL_REVIEW,ALTERNATIVE_POM,12.78,2.3,,geometry/coverage comparison only; no field accuracy inference
TREE_0100,point_weighted_control,,,MANUAL_REVIEW,ALTERNATIVE_POM,12.78,2.3,,geometry/coverage comparison only; no field accuracy inference
TREE_0100,sector_balanced,,,MANUAL_REVIEW,ALTERNATIVE_POM,12.78,2.3,,geometry/coverage comparison only; no field accuracy inference
TREE_0101,axis_only,,,MANUAL_REVIEW,MANUAL_REVIEW,,,,geometry/coverage comparison only; no field accuracy inference
TREE_0101,baseline,,,MANUAL_REVIEW,MANUAL_REVIEW,,,,geometry/coverage comparison only; no field accuracy inference
TREE_0101,combined,,,MANUAL_REVIEW,MANUAL_REVIEW,,,,geometry/coverage comparison only; no field accuracy inference
TREE_0101,combined_without_stability,,,MANUAL_REVIEW,MANUAL_REVIEW,,,,geometry/coverage comparison only; no field accuracy inference
TREE_0101,ground_only,,,MANUAL_REVIEW,MANUAL_REVIEW,,,,geometry/coverage comparison only; no field accuracy inference
TREE_0101,point_weighted_control,,,MANUAL_REVIEW,MANUAL_REVIEW,,,,geometry/coverage comparison only; no field accuracy inference
TREE_0101,sector_balanced,,,MANUAL_REVIEW,MANUAL_REVIEW,,,,geometry/coverage comparison only; no field accuracy inference
TREE_0102,axis_only,,,MANUAL_REVIEW,STANDARD_DBH,18.18,1.3,,geometry/coverage comparison only; no field accuracy inference
TREE_0102,baseline,18.18,1.3,STANDARD_DBH,STANDARD_DBH,18.18,1.3,,geometry/coverage comparison only; no field accuracy inference
TREE_0102,combined,,,MANUAL_REVIEW,STANDARD_DBH,18.18,1.3,,geometry/coverage comparison only; no field accuracy inference
TREE_0102,combined_without_stability,,,MANUAL_REVIEW,STANDARD_DBH,18.18,1.3,,geometry/coverage comparison only; no field accuracy inference
TREE_0102,ground_only,,,MANUAL_REVIEW,STANDARD_DBH,18.18,1.3,,geometry/coverage comparison only; no field accuracy inference
TREE_0102,point_weighted_control,,,MANUAL_REVIEW,STANDARD_DBH,18.18,1.3,,geometry/coverage comparison only; no field accuracy inference
TREE_0102,sector_balanced,,,MANUAL_REVIEW,STANDARD_DBH,18.18,1.3,,geometry/coverage comparison only; no field accuracy inference
TREE_0103,axis_only,7.8183608,2.2,ALTERNATIVE_POM,ALTERNATIVE_POM,8.05,2.0,,geometry/coverage comparison only; no field accuracy inference
TREE_0103,baseline,8.05,2.0,ALTERNATIVE_POM,ALTERNATIVE_POM,8.05,2.0,,geometry/coverage comparison only; no field accuracy inference
TREE_0103,combined,,,MANUAL_REVIEW,ALTERNATIVE_POM,8.05,2.0,,geometry/coverage comparison only; no field accuracy inference
TREE_0103,combined_without_stability,,,MANUAL_REVIEW,ALTERNATIVE_POM,8.05,2.0,,geometry/coverage comparison only; no field accuracy inference
TREE_0103,ground_only,8.0657818,2.1,ALTERNATIVE_POM,ALTERNATIVE_POM,8.05,2.0,,geometry/coverage comparison only; no field accuracy inference
TREE_0103,point_weighted_control,8.2043607,2.0,ALTERNATIVE_POM,ALTERNATIVE_POM,8.05,2.0,,geometry/coverage comparison only; no field accuracy inference
TREE_0103,sector_balanced,8.1456395,2.0,ALTERNATIVE_POM,ALTERNATIVE_POM,8.05,2.0,,geometry/coverage comparison only; no field accuracy inference
TREE_0104,axis_only,,,MANUAL_REVIEW,STANDARD_DBH,15.25,1.3,,geometry/coverage comparison only; no field accuracy inference
TREE_0104,baseline,15.25,1.3,STANDARD_DBH,STANDARD_DBH,15.25,1.3,,geometry/coverage comparison only; no field accuracy inference
TREE_0104,combined,,,MANUAL_REVIEW,STANDARD_DBH,15.25,1.3,,geometry/coverage comparison only; no field accuracy inference
TREE_0104,combined_without_stability,,,MANUAL_REVIEW,STANDARD_DBH,15.25,1.3,,geometry/coverage comparison only; no field accuracy inference
TREE_0104,ground_only,,,MANUAL_REVIEW,STANDARD_DBH,15.25,1.3,,geometry/coverage comparison only; no field accuracy inference
TREE_0104,point_weighted_control,,,MANUAL_REVIEW,STANDARD_DBH,15.25,1.3,,geometry/coverage comparison only; no field accuracy inference
TREE_0104,sector_balanced,,,MANUAL_REVIEW,STANDARD_DBH,15.25,1.3,,geometry/coverage comparison only; no field accuracy inference
TREE_0105,axis_only,8.5636933,1.3,STANDARD_DBH,STANDARD_DBH,8.4,1.3,,geometry/coverage comparison only; no field accuracy inference
TREE_0105,baseline,8.4,1.3,STANDARD_DBH,STANDARD_DBH,8.4,1.3,,geometry/coverage comparison only; no field accuracy inference
TREE_0105,combined,,,MANUAL_REVIEW,STANDARD_DBH,8.4,1.3,,geometry/coverage comparison only; no field accuracy inference
TREE_0105,combined_without_stability,8.307945,1.5,ALTERNATIVE_POM,STANDARD_DBH,8.4,1.3,,geometry/coverage comparison only; no field accuracy inference
TREE_0105,ground_only,,,MANUAL_REVIEW,STANDARD_DBH,8.4,1.3,,geometry/coverage comparison only; no field accuracy inference
TREE_0105,point_weighted_control,8.167743,1.5,ALTERNATIVE_POM,STANDARD_DBH,8.4,1.3,,geometry/coverage comparison only; no field accuracy inference
TREE_0105,sector_balanced,8.2229344,1.5,ALTERNATIVE_POM,STANDARD_DBH,8.4,1.3,,geometry/coverage comparison only; no field accuracy inference
TREE_0106,axis_only,,,MANUAL_REVIEW,MANUAL_REVIEW,,,,geometry/coverage comparison only; no field accuracy inference
TREE_0106,baseline,,,MANUAL_REVIEW,MANUAL_REVIEW,,,,geometry/coverage comparison only; no field accuracy inference
TREE_0106,combined,,,MANUAL_REVIEW,MANUAL_REVIEW,,,,geometry/coverage comparison only; no field accuracy inference
TREE_0106,combined_without_stability,,,MANUAL_REVIEW,MANUAL_REVIEW,,,,geometry/coverage comparison only; no field accuracy inference
TREE_0106,ground_only,,,MANUAL_REVIEW,MANUAL_REVIEW,,,,geometry/coverage comparison only; no field accuracy inference
TREE_0106,point_weighted_control,,,MANUAL_REVIEW,MANUAL_REVIEW,,,,geometry/coverage comparison only; no field accuracy inference
TREE_0106,sector_balanced,,,MANUAL_REVIEW,MANUAL_REVIEW,,,,geometry/coverage comparison only; no field accuracy inference
TREE_0107,axis_only,,,MANUAL_REVIEW,ALTERNATIVE_POM,4.05,1.7,,geometry/coverage comparison only; no field accuracy inference
TREE_0107,baseline,4.05,1.7,ALTERNATIVE_POM,ALTERNATIVE_POM,4.05,1.7,,geometry/coverage comparison only; no field accuracy inference
TREE_0107,combined,,,MANUAL_REVIEW,ALTERNATIVE_POM,4.05,1.7,,geometry/coverage comparison only; no field accuracy inference
TREE_0107,combined_without_stability,,,MANUAL_REVIEW,ALTERNATIVE_POM,4.05,1.7,,geometry/coverage comparison only; no field accuracy inference
TREE_0107,ground_only,,,MANUAL_REVIEW,ALTERNATIVE_POM,4.05,1.7,,geometry/coverage comparison only; no field accuracy inference
TREE_0107,point_weighted_control,,,MANUAL_REVIEW,ALTERNATIVE_POM,4.05,1.7,,geometry/coverage comparison only; no field accuracy inference
TREE_0107,sector_balanced,,,MANUAL_REVIEW,ALTERNATIVE_POM,4.05,1.7,,geometry/coverage comparison only; no field accuracy inference
TREE_0108,axis_only,,,MANUAL_REVIEW,ALTERNATIVE_POM,6.23,2.2,,geometry/coverage comparison only; no field accuracy inference
TREE_0108,baseline,6.23,2.2,ALTERNATIVE_POM,ALTERNATIVE_POM,6.23,2.2,,geometry/coverage comparison only; no field accuracy inference
TREE_0108,combined,,,MANUAL_REVIEW,ALTERNATIVE_POM,6.23,2.2,,geometry/coverage comparison only; no field accuracy inference
TREE_0108,combined_without_stability,,,MANUAL_REVIEW,ALTERNATIVE_POM,6.23,2.2,,geometry/coverage comparison only; no field accuracy inference
TREE_0108,ground_only,,,MANUAL_REVIEW,ALTERNATIVE_POM,6.23,2.2,,geometry/coverage comparison only; no field accuracy inference
TREE_0108,point_weighted_control,,,MANUAL_REVIEW,ALTERNATIVE_POM,6.23,2.2,,geometry/coverage comparison only; no field accuracy inference
TREE_0108,sector_balanced,,,MANUAL_REVIEW,ALTERNATIVE_POM,6.23,2.2,,geometry/coverage comparison only; no field accuracy inference
TREE_0109,axis_only,,,MANUAL_REVIEW,MANUAL_REVIEW,,,,geometry/coverage comparison only; no field accuracy inference
TREE_0109,baseline,,,MANUAL_REVIEW,MANUAL_REVIEW,,,,geometry/coverage comparison only; no field accuracy inference
TREE_0109,combined,,,MANUAL_REVIEW,MANUAL_REVIEW,,,,geometry/coverage comparison only; no field accuracy inference
TREE_0109,combined_without_stability,,,MANUAL_REVIEW,MANUAL_REVIEW,,,,geometry/coverage comparison only; no field accuracy inference
TREE_0109,ground_only,,,MANUAL_REVIEW,MANUAL_REVIEW,,,,geometry/coverage comparison only; no field accuracy inference
TREE_0109,point_weighted_control,,,MANUAL_REVIEW,MANUAL_REVIEW,,,,geometry/coverage comparison only; no field accuracy inference
TREE_0109,sector_balanced,,,MANUAL_REVIEW,MANUAL_REVIEW,,,,geometry/coverage comparison only; no field accuracy inference
TREE_0110,axis_only,,,MANUAL_REVIEW,ALTERNATIVE_POM,4.33,1.9,,geometry/coverage comparison only; no field accuracy inference
TREE_0110,baseline,4.33,1.9,ALTERNATIVE_POM,ALTERNATIVE_POM,4.33,1.9,,geometry/coverage comparison only; no field accuracy inference
TREE_0110,combined,,,MANUAL_REVIEW,ALTERNATIVE_POM,4.33,1.9,,geometry/coverage comparison only; no field accuracy inference
TREE_0110,combined_without_stability,,,MANUAL_REVIEW,ALTERNATIVE_POM,4.33,1.9,,geometry/coverage comparison only; no field accuracy inference
TREE_0110,ground_only,,,MANUAL_REVIEW,ALTERNATIVE_POM,4.33,1.9,,geometry/coverage comparison only; no field accuracy inference
TREE_0110,point_weighted_control,,,MANUAL_REVIEW,ALTERNATIVE_POM,4.33,1.9,,geometry/coverage comparison only; no field accuracy inference
TREE_0110,sector_balanced,,,MANUAL_REVIEW,ALTERNATIVE_POM,4.33,1.9,,geometry/coverage comparison only; no field accuracy inference
TREE_0111,axis_only,,,MANUAL_REVIEW,MANUAL_REVIEW,,,,geometry/coverage comparison only; no field accuracy inference
TREE_0111,baseline,,,MANUAL_REVIEW,MANUAL_REVIEW,,,,geometry/coverage comparison only; no field accuracy inference
TREE_0111,combined,,,MANUAL_REVIEW,MANUAL_REVIEW,,,,geometry/coverage comparison only; no field accuracy inference
TREE_0111,combined_without_stability,,,MANUAL_REVIEW,MANUAL_REVIEW,,,,geometry/coverage comparison only; no field accuracy inference
TREE_0111,ground_only,,,MANUAL_REVIEW,MANUAL_REVIEW,,,,geometry/coverage comparison only; no field accuracy inference
TREE_0111,point_weighted_control,,,MANUAL_REVIEW,MANUAL_REVIEW,,,,geometry/coverage comparison only; no field accuracy inference
TREE_0111,sector_balanced,,,MANUAL_REVIEW,MANUAL_REVIEW,,,,geometry/coverage comparison only; no field accuracy inference
TREE_0112,axis_only,,,MANUAL_REVIEW,ALTERNATIVE_POM,6.63,1.4,,geometry/coverage comparison only; no field accuracy inference
TREE_0112,baseline,6.63,1.4,ALTERNATIVE_POM,ALTERNATIVE_POM,6.63,1.4,,geometry/coverage comparison only; no field accuracy inference
TREE_0112,combined,,,MANUAL_REVIEW,ALTERNATIVE_POM,6.63,1.4,,geometry/coverage comparison only; no field accuracy inference
TREE_0112,combined_without_stability,,,MANUAL_REVIEW,ALTERNATIVE_POM,6.63,1.4,,geometry/coverage comparison only; no field accuracy inference
TREE_0112,ground_only,,,MANUAL_REVIEW,ALTERNATIVE_POM,6.63,1.4,,geometry/coverage comparison only; no field accuracy inference
TREE_0112,point_weighted_control,,,MANUAL_REVIEW,ALTERNATIVE_POM,6.63,1.4,,geometry/coverage comparison only; no field accuracy inference
TREE_0112,sector_balanced,,,MANUAL_REVIEW,ALTERNATIVE_POM,6.63,1.4,,geometry/coverage comparison only; no field accuracy inference
TREE_0113,axis_only,,,MANUAL_REVIEW,STANDARD_DBH,20.95,1.3,,geometry/coverage comparison only; no field accuracy inference
TREE_0113,baseline,20.95,1.3,STANDARD_DBH,STANDARD_DBH,20.95,1.3,,geometry/coverage comparison only; no field accuracy inference
TREE_0113,combined,,,MANUAL_REVIEW,STANDARD_DBH,20.95,1.3,,geometry/coverage comparison only; no field accuracy inference
TREE_0113,combined_without_stability,,,MANUAL_REVIEW,STANDARD_DBH,20.95,1.3,,geometry/coverage comparison only; no field accuracy inference
TREE_0113,ground_only,,,MANUAL_REVIEW,STANDARD_DBH,20.95,1.3,,geometry/coverage comparison only; no field accuracy inference
TREE_0113,point_weighted_control,,,MANUAL_REVIEW,STANDARD_DBH,20.95,1.3,,geometry/coverage comparison only; no field accuracy inference
TREE_0113,sector_balanced,,,MANUAL_REVIEW,STANDARD_DBH,20.95,1.3,,geometry/coverage comparison only; no field accuracy inference
TREE_0114,axis_only,,,MANUAL_REVIEW,MANUAL_REVIEW,,,,geometry/coverage comparison only; no field accuracy inference
TREE_0114,baseline,,,MANUAL_REVIEW,MANUAL_REVIEW,,,,geometry/coverage comparison only; no field accuracy inference
TREE_0114,combined,,,MANUAL_REVIEW,MANUAL_REVIEW,,,,geometry/coverage comparison only; no field accuracy inference
TREE_0114,combined_without_stability,,,MANUAL_REVIEW,MANUAL_REVIEW,,,,geometry/coverage comparison only; no field accuracy inference
TREE_0114,ground_only,,,MANUAL_REVIEW,MANUAL_REVIEW,,,,geometry/coverage comparison only; no field accuracy inference
TREE_0114,point_weighted_control,,,MANUAL_REVIEW,MANUAL_REVIEW,,,,geometry/coverage comparison only; no field accuracy inference
TREE_0114,sector_balanced,,,MANUAL_REVIEW,MANUAL_REVIEW,,,,geometry/coverage comparison only; no field accuracy inference
TREE_0115,axis_only,,,MANUAL_REVIEW,MANUAL_REVIEW,,,,geometry/coverage comparison only; no field accuracy inference
TREE_0115,baseline,,,MANUAL_REVIEW,MANUAL_REVIEW,,,,geometry/coverage comparison only; no field accuracy inference
TREE_0115,combined,,,MANUAL_REVIEW,MANUAL_REVIEW,,,,geometry/coverage comparison only; no field accuracy inference
TREE_0115,combined_without_stability,,,MANUAL_REVIEW,MANUAL_REVIEW,,,,geometry/coverage comparison only; no field accuracy inference
TREE_0115,ground_only,,,MANUAL_REVIEW,MANUAL_REVIEW,,,,geometry/coverage comparison only; no field accuracy inference
TREE_0115,point_weighted_control,,,MANUAL_REVIEW,MANUAL_REVIEW,,,,geometry/coverage comparison only; no field accuracy inference
TREE_0115,sector_balanced,,,MANUAL_REVIEW,MANUAL_REVIEW,,,,geometry/coverage comparison only; no field accuracy inference
TREE_0116,axis_only,,,MANUAL_REVIEW,MANUAL_REVIEW,,,,geometry/coverage comparison only; no field accuracy inference
TREE_0116,baseline,,,MANUAL_REVIEW,MANUAL_REVIEW,,,,geometry/coverage comparison only; no field accuracy inference
TREE_0116,combined,,,MANUAL_REVIEW,MANUAL_REVIEW,,,,geometry/coverage comparison only; no field accuracy inference
TREE_0116,combined_without_stability,,,MANUAL_REVIEW,MANUAL_REVIEW,,,,geometry/coverage comparison only; no field accuracy inference
TREE_0116,ground_only,,,MANUAL_REVIEW,MANUAL_REVIEW,,,,geometry/coverage comparison only; no field accuracy inference
TREE_0116,point_weighted_control,,,MANUAL_REVIEW,MANUAL_REVIEW,,,,geometry/coverage comparison only; no field accuracy inference
TREE_0116,sector_balanced,,,MANUAL_REVIEW,MANUAL_REVIEW,,,,geometry/coverage comparison only; no field accuracy inference
TREE_0117,axis_only,12.7770988,2.2,ALTERNATIVE_POM,ALTERNATIVE_POM,12.39,2.2,,geometry/coverage comparison only; no field accuracy inference
TREE_0117,baseline,12.39,2.2,ALTERNATIVE_POM,ALTERNATIVE_POM,12.39,2.2,,geometry/coverage comparison only; no field accuracy inference
TREE_0117,combined,,,MANUAL_REVIEW,ALTERNATIVE_POM,12.39,2.2,,geometry/coverage comparison only; no field accuracy inference
TREE_0117,combined_without_stability,,,MANUAL_REVIEW,ALTERNATIVE_POM,12.39,2.2,,geometry/coverage comparison only; no field accuracy inference
TREE_0117,ground_only,,,MANUAL_REVIEW,ALTERNATIVE_POM,12.39,2.2,,geometry/coverage comparison only; no field accuracy inference
TREE_0117,point_weighted_control,12.800028,2.2,ALTERNATIVE_POM,ALTERNATIVE_POM,12.39,2.2,,geometry/coverage comparison only; no field accuracy inference
TREE_0117,sector_balanced,12.800028,2.2,ALTERNATIVE_POM,ALTERNATIVE_POM,12.39,2.2,,geometry/coverage comparison only; no field accuracy inference
TREE_0118,axis_only,,,MANUAL_REVIEW,MANUAL_REVIEW,,,,geometry/coverage comparison only; no field accuracy inference
TREE_0118,baseline,,,MANUAL_REVIEW,MANUAL_REVIEW,,,,geometry/coverage comparison only; no field accuracy inference
TREE_0118,combined,,,MANUAL_REVIEW,MANUAL_REVIEW,,,,geometry/coverage comparison only; no field accuracy inference
TREE_0118,combined_without_stability,,,MANUAL_REVIEW,MANUAL_REVIEW,,,,geometry/coverage comparison only; no field accuracy inference
TREE_0118,ground_only,,,MANUAL_REVIEW,MANUAL_REVIEW,,,,geometry/coverage comparison only; no field accuracy inference
TREE_0118,point_weighted_control,,,MANUAL_REVIEW,MANUAL_REVIEW,,,,geometry/coverage comparison only; no field accuracy inference
TREE_0118,sector_balanced,,,MANUAL_REVIEW,MANUAL_REVIEW,,,,geometry/coverage comparison only; no field accuracy inference
